train_loss,test_loss,train_acc,test_acc,epoch_time,act_mean_0,act_std_0,grad_norm_0,act_mean_1,act_std_1,grad_norm_1,act_mean_2,act_std_2,grad_norm_2,act_mean_3,act_std_3,grad_norm_3,act_mean_4,act_std_4,grad_norm_4,act_mean_5,act_std_5,grad_norm_5,act_mean_6,act_std_6,grad_norm_6,act_mean_7,act_std_7,grad_norm_7,act_mean_8,act_std_8,grad_norm_8,act_mean_9,act_std_9,grad_norm_9,act_mean_10,act_std_10,grad_norm_10,act_mean_11,act_std_11,grad_norm_11,act_mean_12,act_std_12,grad_norm_12,act_mean_13,act_std_13,grad_norm_13,act_mean_14,act_std_14,grad_norm_14,act_mean_15,act_std_15,grad_norm_15,act_mean_16,act_std_16,grad_norm_16,act_mean_17,act_std_17,grad_norm_17,act_mean_18,act_std_18,grad_norm_18,act_mean_19,act_std_19,grad_norm_19
2.3017788194020588,2.3011930191040038,0.11216666666666666,0.1135,3.263896942138672,-0.010405165,0.45381066,0.0028786198,0.030598242,0.35968897,0.0035524531,-0.017802188,0.298584,0.004279078,-0.0044256225,0.23147236,0.0056739817,0.0112811485,0.16578217,0.0076034544,-0.002129515,0.13014312,0.01052413,-0.0065052696,0.094967484,0.014720169,0.00089982833,0.06896337,0.02017451,0.0017476393,0.050540496,0.028799305,-1.9761143e-05,0.035050027,0.040052306,-0.00017322638,0.026290689,0.05551751,0.00030577453,0.018074341,0.07681358,-0.00077841314,0.013184032,0.11099624,0.00030632215,0.009018723,0.16613898,7.864795e-05,0.006218253,0.22913934,3.242893e-05,0.004386171,0.3236124,-8.12677e-05,0.0033185927,0.4643323,0.0001937405,0.0032974575,0.6504581,0.0005804446,0.004091661,0.9109151,-0.0002400327,0.0056282748,1.3095033
2.301202003097534,2.30091816444397,0.11236666666666667,0.1135,3.252952814102173,-0.010127024,0.4539339,0.0029042328,0.030784102,0.35998762,0.0035805264,-0.017351035,0.29918665,0.0042919475,-0.0044622393,0.232597,0.005703548,0.011361749,0.16649498,0.007641301,-0.0021539642,0.13073479,0.010561653,-0.0062804306,0.09531722,0.01476457,0.0010056951,0.06933497,0.020234901,0.0016658434,0.0508416,0.028875673,1.7326212e-05,0.03529619,0.040133122,-0.0001692131,0.026498355,0.055612445,0.00024444543,0.018208284,0.0768941,-0.0008187834,0.013273743,0.111036226,0.00034359493,0.009128737,0.16623881,2.2769e-05,0.0063868947,0.22932358,-9.236331e-05,0.0047631273,0.3239307,-8.154193e-05,0.0043090167,0.46494973,0.00026733812,0.005078041,0.6513955,0.0010909844,0.0067727477,0.9121309,-0.0005318846,0.009595447,1.3094251
2.301079092915853,2.3008694496154787,0.11236666666666667,0.1135,3.238974094390869,-0.0096513685,0.45417845,0.0029578006,0.031151304,0.36069155,0.0036377322,-0.016828243,0.30035838,0.00433247,-0.004507927,0.23445973,0.005765631,0.011507206,0.16776533,0.0077160853,-0.0022131181,0.13185,0.010638405,-0.0060016913,0.0961233,0.014857765,0.0011226813,0.070132084,0.020350737,0.0016230266,0.05148265,0.029024398,9.481224e-05,0.03580393,0.04029522,-0.00017919372,0.026918791,0.05580537,0.00016078427,0.018490244,0.077097,-0.000853869,0.013492116,0.11125881,0.00037429456,0.009325716,0.1665673,5.976333e-05,0.006599302,0.22978008,-8.5282976e-05,0.0050736084,0.3244345,-0.000118909345,0.004853258,0.46563008,0.00039244394,0.0059505226,0.6522789,0.0013314818,0.0080234185,0.9131123,-0.0005425969,0.011475314,1.3096615
2.3010261315663656,2.300793929672241,0.11236666666666667,0.1135,3.3328468799591064,-0.0089875525,0.45453188,0.0030376334,0.03168351,0.36177805,0.0037201145,-0.016230438,0.30205807,0.004392773,-0.004542012,0.2370122,0.0058505805,0.011716356,0.16957563,0.007815116,-0.002288208,0.13347854,0.010737685,-0.0056671253,0.09737908,0.014973762,0.0012482415,0.07133762,0.020487435,0.0015957227,0.05244079,0.029202966,0.0001925689,0.0365647,0.04048218,-0.0002101085,0.027541509,0.05600194,7.8314166e-05,0.018916177,0.07729266,-0.00088137214,0.013816973,0.11144122,0.00041558078,0.009586976,0.1668255,0.00015290748,0.0068016085,0.23005848,-2.7433047e-05,0.0052314084,0.32468203,-9.54483e-05,0.005001042,0.4658389,0.000403801,0.006148607,0.65250635,0.0013788973,0.008302028,0.91328603,-0.0005926369,0.011946047,1.3096764
2.3009679065704347,2.30072971572876,0.11236666666666667,0.1135,3.2302517890930176,-0.0081007,0.45503303,0.0031609146,0.032419026,0.36334795,0.0038451508,-0.015537671,0.30444863,0.004489479,-0.0045914035,0.24048415,0.005976711,0.012007101,0.17211726,0.00795867,-0.002398414,0.1358027,0.010883175,-0.0052663535,0.0992487,0.015146324,0.0013848774,0.07312666,0.020684475,0.0015959095,0.053852838,0.02945405,0.00033046913,0.037690204,0.04074375,-0.00024771853,0.028466156,0.056283668,-2.7799902e-05,0.019569479,0.07759872,-0.0009017464,0.014333362,0.11178783,0.00044791456,0.009997503,0.16728337,0.00028136853,0.0071125235,0.2305866,7.6811426e-05,0.0054409346,0.3251892,-9.9928926e-05,0.005074045,0.46640956,0.0005188962,0.006198605,0.6531194,0.0014315526,0.008392713,0.91371864,-0.00052880676,0.012095794,1.3098986
2.300899564743042,2.3006325706481934,0.11236666666666667,0.1135,3.2373180389404297,-0.006934684,0.45571658,0.0033447752,0.033398487,0.3655352,0.0040261433,-0.014719397,0.30771366,0.004632714,-0.0046430565,0.24513675,0.006152913,0.012401345,0.1756171,0.008152529,-0.0025407246,0.1390475,0.011076405,-0.0047785756,0.101946376,0.015371189,0.0015413348,0.07570981,0.020939019,0.0016113074,0.055871066,0.029773967,0.00050439034,0.03931195,0.041073803,-0.00030687527,0.029797805,0.056629837,-0.00015573262,0.020533271,0.07795568,-0.000947292,0.015093995,0.112167336,0.000511316,0.010604304,0.16778758,0.00044475475,0.00757874,0.23115756,0.00018626786,0.0057857023,0.32564586,-0.00012162778,0.005272474,0.46678382,0.00053376134,0.006336972,0.6534438,0.0014699461,0.008535189,0.9140458,-0.0005267368,0.012323381,1.3100468
2.30081232325236,2.3005225273132326,0.11236666666666667,0.1135,3.2307560443878174,-0.0054047955,0.456657,0.0036372212,0.034717165,0.3685782,0.0043055643,-0.013719023,0.31222486,0.0048563317,-0.004701579,0.2515214,0.006415384,0.012947792,0.18055642,0.00843192,-0.0027354113,0.14369325,0.011351201,-0.00414685,0.10593226,0.015690139,0.0017229198,0.079566255,0.021287873,0.0016492644,0.05885741,0.03020841,0.00074866595,0.041745692,0.041518,-0.00039328748,0.031802353,0.05709695,-0.00033348295,0.022013387,0.07846052,-0.0009932048,0.01628205,0.112733975,0.00057356205,0.011559062,0.16852729,0.0006911647,0.0083050355,0.23198536,0.00037413405,0.0062955683,0.3263819,-0.00011443833,0.00543092,0.46748206,0.0006499091,0.0062896004,0.65417594,0.0014873322,0.008412061,0.914516,-0.00041268268,0.012136889,1.3103789
2.300691779454549,2.3003902729034422,0.11236666666666667,0.1135,3.23466420173645,-0.0033695672,0.45797792,0.0041546333,0.036508493,0.37288576,0.004778261,-0.012460108,0.31860518,0.0052353977,-0.004780829,0.26059046,0.006833341,0.013726395,0.18780582,0.008852772,-0.0030225334,0.15063635,0.011749238,-0.0032886653,0.11212605,0.016142847,0.0019409452,0.085703544,0.02176651,0.001711583,0.06356842,0.030789308,0.0010964726,0.045661077,0.042094693,-0.0005331718,0.03503316,0.057691358,-0.0005956234,0.024440333,0.07908923,-0.0010595449,0.018236822,0.11345182,0.0006636264,0.013142775,0.1694379,0.001011449,0.0095336195,0.23299128,0.0005851281,0.0072158347,0.32723773,-0.00016560365,0.0058822045,0.46822923,0.0007756431,0.0064448793,0.6549834,0.0015809103,0.008494746,0.9151283,-0.000372459,0.0121952575,1.3106217
2.300480169550578,2.3000772373199463,0.11236666666666667,0.1135,3.2398769855499268,-0.00034527978,0.4600714,0.005398326,0.039216924,0.3797803,0.005854239,-0.010662192,0.32884374,0.0061019505,-0.0049082255,0.27531177,0.007709864,0.015024976,0.2000865,0.009648899,-0.003494441,0.16271003,0.01245569,-0.0019113285,0.12344624,0.0169052,0.002259216,0.09733965,0.02252738,0.0017546087,0.07249074,0.03169623,0.0016591453,0.053291548,0.04297072,-0.0007951363,0.041364368,0.058570985,-0.0010338253,0.029254917,0.08002294,-0.0011805561,0.022169044,0.11448209,0.0008286542,0.01639729,0.17075732,0.0015448175,0.012033001,0.2344027,0.00097509025,0.009088361,0.32844073,-0.00015413435,0.006931992,0.469223,0.00092390913,0.0068873796,0.6559698,0.0015987701,0.00870168,0.9158313,-0.00029212068,0.012525504,1.3110045
2.2997545196533205,2.2978509426116944,0.11271666666666667,0.1154,3.2550950050354004,0.005847929,0.46493343,0.044777032,0.04507129,0.39614943,0.03859988,-0.0071365167,0.35377738,0.03306239,-0.005271887,0.31234163,0.030405555,0.018556934,0.2340082,0.026743338,-0.004605286,0.1986164,0.024797464,0.0017661488,0.16161045,0.026465794,0.003013116,0.14153063,0.029473828,0.0013936068,0.108525276,0.036838386,0.0029730692,0.08771209,0.046823658,-0.0016511523,0.07239894,0.06214381,-0.002327527,0.053954743,0.083145425,-0.0011859634,0.045484323,0.11755795,0.0012321076,0.039125398,0.17393257,0.0030782905,0.032769576,0.23752871,0.0021100454,0.028911326,0.33082014,-0.00023038927,0.025903601,0.47087893,0.00130522,0.024306763,0.6576872,0.0016527836,0.025679436,0.91680264,-3.5375117e-05,0.024988363,1.3115516
2.0839930439631145,1.606556732559204,0.2409,0.4745,3.225828170776367,0.049851906,0.52303636,1.6479613,0.10338904,0.5640413,1.4325362,0.028325668,0.66858435,1.2250011,-0.0050007096,0.8251735,1.115872,0.08050359,0.82657343,0.9940104,-0.047699116,0.94825894,0.8582021,0.049150515,0.9819944,0.8555215,0.039767455,1.249128,0.7542413,-0.03173473,1.2870398,0.71211606,-0.0025666344,1.357382,0.69026065,-0.028405782,1.376835,0.695495,0.013024513,1.2392186,0.650583,0.02039199,1.2792232,0.657521,0.0043893084,1.307117,0.68020093,0.013385269,1.2518673,0.6632197,0.054254137,1.3337314,0.708936,-0.011885614,1.4072992,0.7661186,0.0056463196,1.3674589,0.88677466,0.05926432,1.4384395,1.0655745,0.063584045,1.491089,1.3555487
0.8357731748898825,0.4936626772880554,0.75625,0.8541,3.238874912261963,0.1659767,0.68087447,4.0923386,0.25331494,0.9615184,3.438423,0.12344083,1.3421623,2.8021622,0.016384482,1.8130263,2.4109185,0.31879094,1.8888338,2.0673938,-0.22985414,2.3255346,1.7129,0.11438103,2.310195,1.6192639,0.13393308,2.768657,1.4424018,-0.13430429,2.9110727,1.3142984,-0.11060812,2.9730039,1.2568182,-0.22411434,2.9621322,1.1982421,0.10872214,2.7257857,1.141813,0.008205162,2.8705652,1.0885359,-0.10387634,2.8278666,1.0906718,0.025318727,2.5648155,1.0412626,0.07138671,2.7367992,1.0491006,-0.05748716,2.7718387,1.0396075,-0.030541329,2.6714401,1.0742282,0.15424836,2.7189684,1.1073608,0.16796684,2.7071083,1.132682
0.3404816406885783,0.2981738651275635,0.8984333333333333,0.9086,3.359473943710327,0.18969727,0.71653664,3.858215,0.2780606,1.0294251,3.1867957,0.12540504,1.446399,2.5613549,0.00627157,1.9284202,2.1616223,0.3436852,2.0304632,1.8126936,-0.26222196,2.5229046,1.5027504,0.11472711,2.4713984,1.4033321,0.1251215,2.9199197,1.236019,-0.18455966,3.0826964,1.1162763,-0.1532322,3.1330285,1.0411457,-0.2952539,3.1769457,0.98131704,0.16566007,2.8958426,0.93071246,-0.014721057,3.116051,0.85070807,-0.14788833,3.0461366,0.84343755,0.037985917,2.7765527,0.7996039,0.06469826,3.011931,0.78529704,-0.06422681,3.066122,0.76414496,-0.052283764,2.96327,0.7606549,0.18175317,3.0089736,0.76649046,0.1645323,3.0104928,0.757978
0.25419185402790706,0.24933821275234222,0.9235166666666667,0.9252,3.2248950004577637,0.19011444,0.7248251,3.7059066,0.27685368,1.0235364,3.099725,0.11168279,1.4272519,2.5097625,-0.0047907545,1.866801,2.1236346,0.31329855,1.9578273,1.7824414,-0.25076988,2.4093487,1.4857943,0.09508512,2.3600652,1.3808628,0.08356214,2.7523308,1.2168114,-0.16953936,2.9022632,1.0988094,-0.1420986,2.9815729,1.0119388,-0.28447065,3.0767374,0.94759476,0.19277202,2.8017304,0.8893048,0.0031740905,3.0752199,0.79926175,-0.14251056,3.0501716,0.78078073,0.053569883,2.799298,0.73053306,0.06574668,3.054564,0.7083965,-0.06996305,3.1194594,0.68076754,-0.040173173,3.0310302,0.67105174,0.20366475,3.1014323,0.66876376,0.15096542,3.1237974,0.65626377
0.20592099428971608,0.22334599545001985,0.9374333333333333,0.9347,3.248879909515381,0.18994105,0.73175824,3.5967333,0.2739906,1.0213193,3.0366254,0.10882894,1.4244598,2.4664388,-0.014629671,1.8457623,2.0845544,0.30405706,1.9251862,1.7524587,-0.24265355,2.3576765,1.4642837,0.09670392,2.3140721,1.3448759,0.06873759,2.6955478,1.1758391,-0.17637873,2.8410425,1.0601598,-0.1236351,2.922153,0.9726136,-0.2945876,3.0392365,0.90159917,0.20657939,2.775328,0.849088,-0.002563229,3.0720017,0.7579108,-0.14576462,3.0582075,0.7396824,0.053788282,2.832616,0.6921601,0.07522314,3.1041746,0.6683392,-0.064742215,3.1961813,0.63787454,-0.037681457,3.117818,0.62542194,0.2219335,3.1837845,0.6155992,0.15921874,3.2153642,0.59620315
0.1762692085981369,0.18298360594809054,0.94655,0.9429,3.2432491779327393,0.188343,0.7376668,3.5302858,0.2728397,1.0214807,2.9936514,0.10701579,1.4185793,2.4288805,-0.020886404,1.8218163,2.0466928,0.29399583,1.8882713,1.7160512,-0.23406146,2.2969038,1.4417677,0.08773332,2.255854,1.3202127,0.055324465,2.6134474,1.1547809,-0.16677594,2.763501,1.0348837,-0.10632598,2.8494008,0.94591975,-0.29615837,2.989528,0.8763432,0.22623631,2.7309155,0.8241252,0.0034052215,3.0383408,0.7302006,-0.12983729,3.0427613,0.707281,0.0615021,2.841634,0.65647817,0.07449154,3.1220515,0.63117987,-0.065302856,3.2410758,0.5989427,-0.049182825,3.1591024,0.58503956,0.24005784,3.1981096,0.574067,0.15800159,3.2572691,0.5520016
0.15572705432573955,0.166094088986516,0.9526833333333333,0.9506,3.2352640628814697,0.18751118,0.74174696,3.3954055,0.27185693,1.0183487,2.8954484,0.09986058,1.413364,2.354133,-0.024773695,1.7995123,1.9852483,0.27994952,1.8569034,1.6638303,-0.24434748,2.2538707,1.3999529,0.084005915,2.2046082,1.2839768,0.059405092,2.5458302,1.1219174,-0.15541203,2.7018583,1.0048083,-0.09640077,2.8008306,0.91831577,-0.28647935,2.9487638,0.846302,0.21246462,2.7204623,0.7975816,0.033448454,3.020602,0.7079318,-0.11930409,3.0642858,0.68170667,0.07287154,2.8736265,0.6310549,0.07883832,3.1856096,0.60663676,-0.065666854,3.319614,0.5717362,-0.05147481,3.2319007,0.55685705,0.24777924,3.268826,0.54245627,0.16558848,3.3241367,0.5217927
0.14083194657961529,0.16170104408413172,0.9568,0.9524,3.237879753112793,0.18554248,0.74532235,3.4013968,0.26995692,1.0148475,2.907943,0.09658711,1.4075027,2.3589747,-0.03110671,1.7801304,1.9897006,0.27352658,1.8311468,1.6711931,-0.24395005,2.2261326,1.4035125,0.07840156,2.17454,1.2853646,0.071863905,2.5072958,1.1230631,-0.15220681,2.6713107,0.9994496,-0.09519848,2.7662501,0.90762997,-0.27455604,2.920192,0.83421195,0.20674667,2.708515,0.7836282,0.0353162,3.010698,0.691807,-0.119128644,3.0667768,0.6618308,0.07949852,2.900054,0.6089873,0.07539882,3.217003,0.5811641,-0.06678564,3.3604105,0.54873925,-0.04071585,3.285651,0.5326007,0.25035983,3.3218937,0.51872224,0.16705054,3.3831923,0.49790466
0.12537134397824606,0.1433789227373898,0.9618,0.9573,3.243381977081299,0.1836518,0.74858415,3.3980615,0.26863304,1.011626,2.9152925,0.09392618,1.4006724,2.3642132,-0.036394227,1.7664007,1.9904077,0.26593268,1.817227,1.670135,-0.246999,2.205241,1.4072058,0.07969814,2.1500297,1.2829828,0.07148627,2.4744766,1.1178004,-0.14847098,2.6393697,0.9864485,-0.09604762,2.7261608,0.8924273,-0.27480653,2.8758557,0.8167023,0.19864185,2.6780775,0.7635663,0.0362661,2.9769747,0.6729971,-0.12620658,3.0490193,0.6411883,0.06640832,2.883494,0.59214306,0.07576483,3.187681,0.5657206,-0.065150104,3.3456573,0.5306754,-0.034434095,3.2690425,0.51187414,0.26511237,3.3250024,0.49576354,0.17278883,3.39649,0.47325683
0.11362343891660373,0.15679973484165965,0.9646333333333333,0.9542,3.2682480812072754,0.18465617,0.75160956,3.3615336,0.26993626,1.0124745,2.8753698,0.09123814,1.4040996,2.3206606,-0.041475315,1.7614969,1.9473202,0.26473677,1.8076218,1.633074,-0.24683385,2.1923769,1.3714201,0.082508534,2.1349201,1.2507215,0.06823593,2.466669,1.0915111,-0.14327191,2.634036,0.96300286,-0.0852681,2.7245088,0.8697075,-0.28008988,2.893511,0.7959438,0.20461102,2.6821082,0.739413,0.04137345,2.9942665,0.65127116,-0.12563422,3.0830538,0.61896634,0.06713388,2.9278467,0.56927824,0.07576072,3.2399712,0.54415137,-0.0693457,3.3953211,0.5101019,-0.019361662,3.3165956,0.4926017,0.26801318,3.3826654,0.47590035,0.17372729,3.4672194,0.45246506
0.10557066739896934,0.13441513247787953,0.9666666666666667,0.963,3.2477269172668457,0.18431816,0.7546642,3.2694635,0.27282923,1.0125633,2.8138726,0.08960442,1.4088563,2.2688248,-0.040643573,1.76498,1.9019285,0.26374513,1.8124253,1.5916594,-0.24759589,2.2025092,1.3381486,0.08180256,2.1491983,1.2161118,0.07052151,2.4682162,1.0594476,-0.15118293,2.6277068,0.9323384,-0.08050713,2.7072883,0.8455836,-0.2780279,2.8779566,0.77408844,0.20065723,2.6815557,0.7198111,0.04118293,2.996396,0.63204914,-0.13069515,3.0916765,0.6015535,0.068490125,2.951603,0.55646914,0.095863275,3.2749283,0.52992827,-0.05986906,3.4462528,0.49539742,-0.009199489,3.3908186,0.4762139,0.28094962,3.4676154,0.45983705,0.19073565,3.554081,0.43714082
0.09599240377147993,0.1389064866868779,0.96985,0.9601,3.2602241039276123,0.18579517,0.75720686,3.2395806,0.27405283,1.0118566,2.7924676,0.08930097,1.4075093,2.2451794,-0.043185476,1.7657663,1.8814307,0.25683397,1.8136392,1.5775175,-0.25200593,2.197304,1.3281137,0.07772118,2.1387284,1.2081597,0.07235132,2.4586914,1.0495464,-0.14604087,2.6259692,0.9211324,-0.080614045,2.7126443,0.83336955,-0.27317396,2.890878,0.7620058,0.19605619,2.70375,0.7086445,0.04484393,3.0129607,0.62166613,-0.14212276,3.101677,0.58940315,0.064816035,2.9607482,0.5426298,0.09542831,3.2787795,0.5166128,-0.057871856,3.4622166,0.48138824,-0.01149755,3.3970256,0.46145996,0.28617662,3.4658878,0.44213694,0.19927576,3.5596492,0.41974545
0.08981176874836286,0.12799031113423406,0.9722166666666666,0.9646,3.369415044784546,0.18658066,0.7601071,3.227135,0.27526549,1.0134834,2.7667022,0.092397645,1.4085586,2.2188418,-0.042721868,1.7706598,1.8535831,0.25966004,1.8259706,1.5545849,-0.25809097,2.2098525,1.3086039,0.07071639,2.1534956,1.1934935,0.07182612,2.459132,1.0397431,-0.14762555,2.628501,0.9108509,-0.07981486,2.7117014,0.825549,-0.27246198,2.8934705,0.7552074,0.19766195,2.7102742,0.6984857,0.051312327,3.0089445,0.6121084,-0.14577654,3.1110427,0.5789434,0.07179173,2.972391,0.5332889,0.102786064,3.295199,0.5068395,-0.05700063,3.4899652,0.47014418,-0.006868735,3.4291925,0.4497397,0.29034397,3.4894664,0.43027526,0.21284412,3.593522,0.40611482
0.08334857290883858,0.1438578389674425,0.9727833333333333,0.9589,3.261122226715088,0.18752381,0.76191634,3.300389,0.27797446,1.0130434,2.835357,0.09250305,1.4110548,2.2727191,-0.045491517,1.7703575,1.8998116,0.2582168,1.8185049,1.5908,-0.25801307,2.2059648,1.3395803,0.07569994,2.1543043,1.2163861,0.06700464,2.4689183,1.0537674,-0.13627519,2.6308784,0.9225346,-0.074069284,2.7143047,0.8327025,-0.27075303,2.9000583,0.75694734,0.19262367,2.7229426,0.6999073,0.058932833,3.011395,0.61135966,-0.13831972,3.1212542,0.5754274,0.07325774,2.990365,0.5281091,0.111370265,3.325274,0.50051636,-0.055248003,3.5257778,0.46406305,-0.0077653774,3.453266,0.44249782,0.30219677,3.4979758,0.4220129,0.21648137,3.6154752,0.3963205
0.07682068444391092,0.128524100138247,0.9756833333333333,0.9642,3.2531211376190186,0.18839444,0.76342386,3.1361096,0.27712783,1.0121177,2.6826382,0.08891238,1.4073672,2.142543,-0.048521075,1.7616305,1.7876455,0.25638857,1.8077639,1.4973149,-0.25527096,2.1981516,1.2611599,0.07121069,2.1532035,1.1482978,0.07570898,2.4688265,0.9996013,-0.13451576,2.642851,0.8769723,-0.074634254,2.7425764,0.7921559,-0.27058086,2.9333372,0.7206467,0.18689673,2.7494602,0.6642763,0.0677678,3.0327916,0.58100647,-0.14162365,3.1537714,0.54746836,0.08815924,3.0323386,0.5044394,0.11892805,3.3742113,0.47732025,-0.055434532,3.5783217,0.44239056,0.00031488115,3.5147612,0.4228444,0.332756,3.5634835,0.40295622,0.22596148,3.703615,0.37791443
0.07260363497138024,0.1183698044270277,0.9770166666666666,0.9687,3.2614448070526123,0.18884,0.7647044,3.2240705,0.28000677,1.0136447,2.763671,0.08906042,1.4122174,2.2055075,-0.045913152,1.7690614,1.8382963,0.25684986,1.8208001,1.5399809,-0.2589972,2.2099302,1.2952852,0.0763224,2.1664968,1.1809782,0.07431331,2.480154,1.0209234,-0.13704886,2.652213,0.8923763,-0.08164713,2.7469094,0.8041251,-0.2645314,2.9314032,0.73268,0.1852076,2.7501953,0.6729199,0.07630492,3.029299,0.5886288,-0.13891089,3.1618502,0.55159384,0.08240178,3.0530593,0.50833803,0.11812404,3.3769603,0.48076013,-0.051271066,3.583843,0.44346333,-0.00094020343,3.522957,0.4217001,0.3473732,3.5654168,0.39801073,0.23611206,3.7298372,0.37059215
0.06753393169840177,0.12269447165653109,0.9787166666666667,0.9665,3.2676427364349365,0.18772216,0.76645327,3.1498754,0.2796013,1.0129236,2.708882,0.08896501,1.4102628,2.160245,-0.041177284,1.7647654,1.8035139,0.2536314,1.8291304,1.5046276,-0.25773853,2.2240503,1.2668293,0.07267295,2.180057,1.1526588,0.06804796,2.491427,1.0049989,-0.1411869,2.6552465,0.87869817,-0.08261601,2.7556674,0.7944534,-0.26148868,2.9460304,0.7239377,0.18286784,2.7656395,0.6644452,0.08136457,3.0439773,0.5819611,-0.14991254,3.1795325,0.5452275,0.08294683,3.0545042,0.50168633,0.12191885,3.3892498,0.47173667,-0.056944165,3.6098886,0.43268314,0.014417811,3.5461395,0.410188,0.35723475,3.603622,0.38641867,0.24063963,3.7858088,0.35887122
0.062282543229063354,0.12164832716807723,0.9804166666666667,0.9662,3.279492139816284,0.18840757,0.76697046,3.0837553,0.2831456,1.0116183,2.6568449,0.089459434,1.4133055,2.1171849,-0.04219982,1.7684698,1.7672697,0.25732604,1.8343575,1.4796244,-0.26157406,2.2347708,1.2419609,0.083676174,2.1921282,1.1299378,0.06572578,2.5216694,0.9790963,-0.14028645,2.6838777,0.85587436,-0.08744746,2.7869453,0.7713697,-0.2587536,2.9715269,0.69938034,0.18252288,2.7966306,0.6446017,0.07837915,3.0807261,0.563438,-0.14194648,3.2147286,0.5287874,0.087525785,3.1102386,0.4835997,0.12581173,3.4456396,0.45477426,-0.059792634,3.6659067,0.41782176,0.029705524,3.6036327,0.39479923,0.37050912,3.669831,0.37221125,0.24961965,3.8695378,0.3443198
0.05866049375931422,0.15650339249970857,0.9806166666666667,0.9579,3.2605299949645996,0.18956392,0.7703896,3.1740553,0.28451985,1.0170965,2.7305372,0.08844074,1.4210916,2.1740563,-0.0459549,1.7794485,1.8144265,0.2564453,1.842658,1.5095493,-0.26709774,2.2442265,1.2663443,0.08526253,2.2006423,1.1501577,0.06923426,2.532614,0.9917627,-0.124589205,2.6983156,0.86445385,-0.08100866,2.8198926,0.7742368,-0.27572337,3.0115955,0.70001966,0.18800202,2.8343203,0.6430425,0.08579036,3.1205063,0.5623338,-0.13861656,3.2625709,0.52710944,0.086336635,3.1632342,0.4813434,0.13573444,3.5062253,0.4525598,-0.051148314,3.736006,0.4146777,0.032956444,3.6834712,0.3932377,0.39604545,3.7476811,0.36840427,0.2703826,3.9586012,0.3390238
0.05486995126704375,0.12484187980392017,0.9822166666666666,0.9655,3.267319917678833,0.1897502,0.77279246,3.126836,0.28723055,1.0207828,2.6680808,0.088364646,1.4267933,2.1141047,-0.04426296,1.7892958,1.765895,0.25363833,1.8535283,1.4725703,-0.26712853,2.2493956,1.2321501,0.07911696,2.1997511,1.1185294,0.067698546,2.526496,0.96482927,-0.12271322,2.6948504,0.84291756,-0.0773752,2.8216455,0.7615181,-0.26459885,3.0211284,0.68939066,0.1948141,2.8616753,0.6317812,0.07979848,3.1619344,0.5526245,-0.14299613,3.302537,0.517081,0.085881904,3.2038076,0.47118938,0.13439463,3.5499778,0.44222283,-0.055467453,3.7701993,0.40449712,0.040148497,3.700191,0.3838255,0.39678532,3.7673311,0.35858968,0.28788665,3.9842515,0.327946
0.0504019827529788,0.12506975917480886,0.9835333333333334,0.9661,3.2822468280792236,0.19058353,0.7733217,3.0645487,0.28819442,1.0179559,2.6273603,0.088081226,1.4235996,2.0818732,-0.046386994,1.7844541,1.73947,0.25823906,1.8468963,1.4423991,-0.2599308,2.249604,1.2112799,0.07937055,2.2075388,1.0934011,0.07083538,2.537509,0.94678,-0.1184405,2.7120373,0.8284841,-0.07597367,2.843988,0.74714833,-0.26840633,3.0398707,0.67351913,0.18749097,2.8730083,0.61732537,0.083623365,3.1668386,0.5390677,-0.14457978,3.3049726,0.50272316,0.09616729,3.20452,0.45834333,0.1445818,3.5576563,0.42767134,-0.058764823,3.785552,0.39073136,0.04663165,3.7270496,0.36955014,0.41246486,3.8041387,0.34586385,0.29144654,4.032714,0.3159575
0.048157818419486284,0.1290719412657898,0.9845333333333334,0.9681,3.373216152191162,0.19027808,0.77368945,3.1011868,0.2899332,1.0160657,2.6608505,0.08711542,1.4183315,2.0994937,-0.045687594,1.7725254,1.7542804,0.26051515,1.8372442,1.4521272,-0.2614407,2.2468657,1.2170036,0.08065741,2.210898,1.1055936,0.07521723,2.5522416,0.95195115,-0.12378443,2.7319686,0.8283352,-0.070236005,2.8635273,0.7459007,-0.26275066,3.074343,0.67384636,0.19845057,2.9115622,0.6143079,0.08476369,3.2218306,0.53692067,-0.13693994,3.3688884,0.5009448,0.09617596,3.2835774,0.4558774,0.16620511,3.6398938,0.42634574,-0.043447018,3.8858144,0.38870424,0.050460625,3.8256006,0.3651407,0.41971645,3.903244,0.33961686,0.31050298,4.1329865,0.30957243
0.04486936670839786,0.1326152326663956,0.98515,0.9677,3.2552549839019775,0.19147803,0.7739552,3.0953,0.29130107,1.0180569,2.6507592,0.08884409,1.4216481,2.088686,-0.042977374,1.7752885,1.7358173,0.2603467,1.8429173,1.4357691,-0.26162088,2.2575562,1.2002257,0.0790173,2.2203522,1.0888357,0.069007,2.5504365,0.9410817,-0.11693787,2.7218559,0.8207275,-0.06641203,2.8582454,0.7349181,-0.25542215,3.0687592,0.6637662,0.18611695,2.9107223,0.6061512,0.086849816,3.199176,0.52774334,-0.14417918,3.353124,0.49348277,0.100356534,3.2583568,0.44945613,0.1583975,3.6132739,0.41882166,-0.0466512,3.843213,0.38050926,0.047956962,3.788755,0.35834426,0.4223468,3.868604,0.33237877,0.31768638,4.0948796,0.3014931
0.04134128207316001,0.127116364836134,0.9863,0.9683,3.2395148277282715,0.19184308,0.77424324,3.070697,0.29382733,1.0173899,2.6210458,0.09047724,1.4229479,2.06701,-0.04543948,1.7807548,1.7144344,0.2574996,1.8455639,1.4201039,-0.25871226,2.257426,1.19146,0.077123314,2.2219863,1.0738814,0.07347363,2.5432992,0.93316334,-0.11687369,2.7170205,0.80955863,-0.06390367,2.8558657,0.7272453,-0.2556889,3.0702267,0.6520605,0.1921655,2.9116523,0.59197956,0.088388555,3.2127237,0.51632804,-0.1455439,3.3668895,0.4816075,0.10996613,3.2773638,0.43901485,0.15906356,3.6341145,0.4069597,-0.049187463,3.8716295,0.3665568,0.0579495,3.8165379,0.34552675,0.43531212,3.89838,0.3208025,0.3368131,4.1428084,0.28985068
0.03966323222368956,0.13169784768493847,0.9869,0.9685,3.2537269592285156,0.19343564,0.77550644,3.0811207,0.29483348,1.0191398,2.636053,0.085003756,1.4253721,2.0683866,-0.041913405,1.7746944,1.7199224,0.25135553,1.8402722,1.4261405,-0.2482654,2.2473557,1.1936591,0.07328018,2.2213967,1.0793613,0.08059511,2.5480795,0.9347396,-0.11086681,2.7300363,0.8131446,-0.06570137,2.8729308,0.7266471,-0.268463,3.0798347,0.652424,0.20599912,2.9091182,0.59361744,0.08770993,3.2276173,0.514648,-0.14706524,3.3839414,0.47868067,0.109911084,3.303193,0.43490252,0.17358491,3.6502073,0.40426624,-0.036970112,3.8980625,0.36497554,0.0699648,3.8541093,0.34165296,0.45289662,3.94826,0.31480262,0.34189677,4.1989465,0.2843106
0.03853845321511229,0.12031606968357228,0.9873833333333333,0.9697,3.277251958847046,0.19209397,0.7750518,3.1304157,0.29497546,1.0148658,2.6718795,0.085284285,1.4225894,2.0994236,-0.042761184,1.7712027,1.748692,0.25082538,1.8415695,1.4425805,-0.24850427,2.2526817,1.2034318,0.07122601,2.2226179,1.0893052,0.07854213,2.5488393,0.943762,-0.117523715,2.726963,0.820703,-0.060910806,2.8656256,0.7343444,-0.26388457,3.0775342,0.6604133,0.19887407,2.909053,0.6004588,0.09798806,3.213951,0.5188515,-0.14368181,3.3829648,0.48045748,0.112317346,3.3028908,0.4343554,0.16710587,3.6569045,0.40331087,-0.02958803,3.9055355,0.3642037,0.060717866,3.8719604,0.3411822,0.46699753,3.9349854,0.31346253,0.34119865,4.203789,0.2816804
0.03384744769906004,0.13304131400547922,0.9887666666666667,0.9671,3.2547829151153564,0.19398063,0.7755384,3.0005836,0.29652634,1.0145411,2.539854,0.084761895,1.4273467,1.9797342,-0.043905772,1.7740548,1.6438681,0.25529554,1.8448055,1.3602928,-0.25314388,2.2644193,1.1348214,0.07830001,2.2343385,1.0220443,0.077061564,2.5711088,0.88164103,-0.11827908,2.751293,0.7660857,-0.06391756,2.8982675,0.6914283,-0.25339618,3.1178882,0.6198983,0.20488901,2.9518976,0.5631344,0.106819645,3.2620697,0.48787466,-0.14466755,3.438122,0.45269224,0.1109436,3.36074,0.41067478,0.1718123,3.7150578,0.38092822,-0.015857005,3.968968,0.34241304,0.07681801,3.9594986,0.32157525,0.48165497,4.0341263,0.29568037,0.3608195,4.3149652,0.26525593
0.033877233384301264,0.13159003330357372,0.9887833333333333,0.9686,3.2376980781555176,0.19535221,0.776035,3.1786728,0.30018398,1.0163333,2.6893182,0.088335164,1.4312209,2.0941877,-0.041178778,1.7844871,1.7231758,0.2589858,1.8581032,1.4236145,-0.25268602,2.2878883,1.1927919,0.07582414,2.2643175,1.0793802,0.08116649,2.5947597,0.93220484,-0.11660876,2.7771833,0.8126629,-0.061408203,2.9251015,0.7269432,-0.25895056,3.1452947,0.6491827,0.19639683,2.9853039,0.58704746,0.097535856,3.289299,0.5089803,-0.1461048,3.452442,0.47056422,0.12449565,3.3735464,0.42538166,0.1750345,3.7412214,0.38979793,-0.009032618,3.9955747,0.35035297,0.08236284,3.978325,0.32751513,0.4989131,4.0528727,0.2991099,0.3724731,4.3424144,0.26695198
0.029075029717509946,0.2487502029456198,0.9908,0.9477,3.244749069213867,0.19519116,0.77602977,2.801906,0.30095026,1.0157529,2.379095,0.08916656,1.4283323,1.8710514,-0.041991036,1.7831228,1.5538133,0.25987116,1.8577448,1.2889221,-0.25463057,2.2875402,1.0850183,0.07372449,2.2583845,0.98574895,0.08051956,2.5773683,0.8469049,-0.11579381,2.7560136,0.73472977,-0.06656874,2.9089508,0.65840155,-0.25623807,3.1245,0.5894761,0.20400003,2.961241,0.5347079,0.097666204,3.272394,0.46090874,-0.1545731,3.4379437,0.42773995,0.121060714,3.3666177,0.38748133,0.180112,3.7432413,0.35792476,-0.0078124213,3.996888,0.3217049,0.096025966,3.9880729,0.30051067,0.50216246,4.0877266,0.27635327,0.38321105,4.3818135,0.24658385
0.02933317367695272,0.13083000750760548,0.9898666666666667,0.9698,3.2537269592285156,0.19219126,0.7756768,2.9375691,0.29624847,1.0137569,2.4951458,0.08523192,1.4212401,1.9326886,-0.044328894,1.7737383,1.6001462,0.2565982,1.8504201,1.3202596,-0.25343,2.275922,1.1062273,0.071643986,2.243099,1.0012456,0.08247408,2.5621731,0.86053556,-0.10108996,2.7432714,0.7489998,-0.05836016,2.9091532,0.67409277,-0.25147426,3.1326373,0.60420525,0.20195602,2.9828017,0.5498954,0.108314015,3.2919548,0.475189,-0.14862545,3.4681103,0.4403132,0.11892281,3.3952353,0.39834347,0.1736298,3.7623353,0.36830613,-0.011160786,4.0206504,0.3311947,0.099596396,4.014528,0.3080604,0.52399457,4.1042385,0.28034908,0.39324325,4.431923,0.24975118
0.028766443525254728,0.13999122064486147,0.9906166666666667,0.967,3.2465782165527344,0.19321118,0.7752101,2.9835436,0.2978673,1.0127155,2.552054,0.08627738,1.423395,1.9979129,-0.04764049,1.7772607,1.6627977,0.25572807,1.8516835,1.3765863,-0.2520273,2.2750247,1.1524274,0.07426056,2.2465065,1.0432222,0.07557514,2.5663908,0.8956894,-0.108235076,2.7416022,0.7746252,-0.05254366,2.890859,0.6881675,-0.2503619,3.1190798,0.6153047,0.20806392,2.9677215,0.55471575,0.10966747,3.2802398,0.48060527,-0.15095602,3.4515636,0.44491136,0.12707661,3.3805888,0.40210506,0.18391371,3.743287,0.36921263,-0.0014099724,4.0101643,0.3294156,0.10318546,4.0105004,0.30556685,0.5252421,4.097074,0.2770038,0.40190083,4.424254,0.246067
0.023675631396844983,0.14007609512524213,0.9925166666666667,0.9708,3.3534939289093018,0.19626406,0.7754731,2.7014232,0.29920748,1.0132968,2.3011138,0.08835452,1.4253491,1.7883098,-0.044796657,1.7814431,1.4754314,0.26029158,1.8590001,1.2210861,-0.24708554,2.290696,1.0197262,0.075630866,2.2672756,0.9195918,0.08202294,2.601516,0.79255855,-0.107894674,2.7847137,0.6946635,-0.05282402,2.9461906,0.6241957,-0.25291026,3.1814039,0.55870026,0.2093621,3.0306005,0.50757825,0.11374745,3.3510804,0.4378999,-0.14951137,3.5446484,0.40677094,0.13352951,3.4711986,0.36742458,0.19816191,3.8521435,0.33757076,0.0087599205,4.1374865,0.3013012,0.11389235,4.1382384,0.28070164,0.5645843,4.230625,0.25361535,0.4192092,4.5844946,0.22343913
0.02476173603925854,0.138992944505997,0.9916666666666667,0.969,3.247952938079834,0.19533049,0.7759128,2.9845772,0.29882476,1.0130887,2.5378904,0.08395379,1.4247749,1.9624,-0.04223154,1.782673,1.6275996,0.25806364,1.8641258,1.3393551,-0.24029648,2.2896395,1.1159093,0.0788832,2.2734566,1.0010705,0.08313841,2.615484,0.86476743,-0.10466788,2.7997072,0.7483141,-0.05282921,2.9648666,0.67116785,-0.2587643,3.2052717,0.59915406,0.2066804,3.0477872,0.5390762,0.108631305,3.3618028,0.46830794,-0.15055026,3.5384731,0.43317047,0.1291394,3.46921,0.3918389,0.19564085,3.8490198,0.358169,0.014538033,4.1392,0.31821662,0.114123054,4.1409936,0.29447374,0.5731678,4.2234845,0.26574033,0.42278966,4.5802565,0.23343846
0.022337174697965385,0.13780719447657466,0.9930333333333333,0.9696,3.2454159259796143,0.19451895,0.77657247,2.787902,0.29817024,1.0114056,2.3635063,0.08374113,1.4242395,1.8306336,-0.041412175,1.7821629,1.5020614,0.25986007,1.8644593,1.2290182,-0.25036559,2.2953515,1.0215153,0.07151171,2.2754414,0.91052544,0.081914514,2.6128576,0.79032844,-0.10479484,2.7996466,0.6906288,-0.060695663,2.9712112,0.620968,-0.25384486,3.218259,0.5513607,0.21618839,3.0741851,0.499001,0.108868204,3.4074688,0.42711642,-0.15616217,3.591134,0.3959953,0.12713832,3.5123918,0.3591476,0.19809267,3.8862236,0.32760984,0.013868762,4.1787276,0.2934483,0.124845855,4.1942945,0.27326235,0.5895733,4.2851405,0.24673916,0.4340031,4.658922,0.21738361
0.02568023767831425,0.13737455167029985,0.99195,0.9699,3.2687878608703613,0.19428813,0.7765379,2.9627233,0.29667443,1.0116198,2.5035174,0.08593257,1.4211745,1.9469692,-0.040973675,1.7813905,1.6180621,0.2637619,1.8682382,1.3197008,-0.2548645,2.310001,1.0883467,0.0676624,2.2857335,0.988296,0.08446418,2.623164,0.8496778,-0.10350572,2.8035116,0.7363796,-0.064640395,2.966313,0.6547553,-0.25849918,3.2053256,0.5853728,0.2123288,3.061878,0.53229225,0.114707395,3.396575,0.45996115,-0.16090871,3.5788808,0.42604274,0.11139392,3.4897082,0.38312104,0.18930882,3.8450809,0.35137257,0.007346917,4.136845,0.3120489,0.12001522,4.151121,0.28923577,0.58504,4.2374835,0.26269457,0.42686978,4.62019,0.23149973
0.018937769225612282,0.15973334292215877,0.9938333333333333,0.9656,3.249199151992798,0.19562788,0.775703,2.7286901,0.29821548,1.0099244,2.3044972,0.088492006,1.4201585,1.7928218,-0.037230033,1.7819853,1.4788296,0.26087478,1.8737488,1.209113,-0.24965611,2.314397,1.0088755,0.06751789,2.29548,0.9157668,0.09346104,2.6379123,0.7860333,-0.096814774,2.8366055,0.67940336,-0.060039334,3.0195675,0.60613644,-0.2614591,3.269326,0.53878856,0.2221443,3.1204112,0.48682803,0.12143006,3.4628205,0.4209798,-0.17082924,3.658781,0.38679025,0.12820658,3.5653815,0.34722322,0.18844241,3.9320636,0.3131626,0.019990068,4.2319474,0.27980012,0.11896437,4.265782,0.25835815,0.60270786,4.3424106,0.23234263,0.4533677,4.7448006,0.2030518
0.018358273159277936,0.1529068811952544,0.9939,0.9679,3.2505011558532715,0.19529907,0.77707565,2.8681831,0.30004874,1.0106155,2.417838,0.08683066,1.4255414,1.8663551,-0.040725283,1.7842084,1.5441744,0.26445487,1.8730555,1.2541293,-0.2502,2.3169904,1.0414785,0.068371035,2.305615,0.9377292,0.0951615,2.641989,0.8006407,-0.10157032,2.829724,0.69085336,-0.055282615,3.0029213,0.6160511,-0.2633931,3.253324,0.5481755,0.22172685,3.1017046,0.49406654,0.12926278,3.4432538,0.42599213,-0.16542475,3.6430218,0.3921395,0.1362791,3.553077,0.3499577,0.20405772,3.9262335,0.3182911,0.03643833,4.2436895,0.2825919,0.13815461,4.2962255,0.259938,0.6170369,4.3884306,0.23310445,0.47136,4.7907405,0.20374458
0.018813682308699935,0.15608930558352732,0.99365,0.9676,3.249000072479248,0.1956471,0.7775872,2.898796,0.3006491,1.0132313,2.4302928,0.08670105,1.4263659,1.8943019,-0.046363328,1.7828213,1.554306,0.26050612,1.8632982,1.2772126,-0.24980952,2.3045685,1.0683267,0.06543684,2.2890234,0.96036357,0.098925136,2.618677,0.8286751,-0.10081651,2.8092046,0.7148206,-0.05655546,2.9796405,0.63974535,-0.25185838,3.2228997,0.56847286,0.22058584,3.0816324,0.5105584,0.13512324,3.428296,0.4375084,-0.16784726,3.6491392,0.39723313,0.13926004,3.5617995,0.35424513,0.21252349,3.9311361,0.32269403,0.018469974,4.254647,0.2832522,0.13435711,4.3097725,0.25962284,0.6270881,4.4039836,0.23296377,0.47017527,4.82538,0.20391525
0.017477676652402928,0.1462462165099103,0.9940833333333333,0.9711,3.240878105163574,0.19681777,0.77805626,2.6461957,0.30076134,1.01493,2.2244294,0.09046558,1.4285225,1.7275887,-0.04219862,1.7893872,1.4163724,0.26166788,1.8774498,1.1585405,-0.25800386,2.3244877,0.9606158,0.062729634,2.3003206,0.8641031,0.102717884,2.634119,0.7456029,-0.11095758,2.8286433,0.6505192,-0.06408644,2.9943933,0.5844002,-0.24987076,3.2330904,0.5230013,0.21981396,3.0952666,0.4746631,0.13551356,3.4377427,0.4085543,-0.17346662,3.6524432,0.3781345,0.14298624,3.5562801,0.33939373,0.21937205,3.9417555,0.30726135,0.026103152,4.2685175,0.27195448,0.12127694,4.3221707,0.25029436,0.6251378,4.405084,0.2247016,0.47987014,4.816511,0.19567972
0.016567257736902683,0.15752194106113165,0.9946833333333334,0.9692,3.242009162902832,0.19580032,0.7790654,2.758616,0.30153888,1.0131483,2.333552,0.085196085,1.4296203,1.8173453,-0.04177704,1.783495,1.4976189,0.25897682,1.8699999,1.2382934,-0.25098634,2.3173335,1.0252743,0.0699311,2.3058085,0.9171279,0.09644629,2.6515799,0.7870024,-0.08763138,2.850912,0.6801459,-0.063433364,3.0491586,0.60575265,-0.2528309,3.3013935,0.5349464,0.22662708,3.1644847,0.4812593,0.14054486,3.5153625,0.4101278,-0.1774815,3.7372184,0.37609944,0.147167,3.6321886,0.33565375,0.24377994,4.024015,0.3029297,0.03710231,4.3755703,0.26764163,0.12792723,4.4327397,0.24531041,0.6414263,4.5319314,0.21972384,0.5106221,4.9584813,0.1902979
