train_loss,test_loss,train_acc,test_acc,epoch_time,act_mean_0,act_std_0,grad_norm_0,act_mean_1,act_std_1,grad_norm_1,act_mean_2,act_std_2,grad_norm_2,act_mean_3,act_std_3,grad_norm_3,act_mean_4,act_std_4,grad_norm_4,act_mean_5,act_std_5,grad_norm_5,act_mean_6,act_std_6,grad_norm_6,act_mean_7,act_std_7,grad_norm_7,act_mean_8,act_std_8,grad_norm_8,act_mean_9,act_std_9,grad_norm_9,act_mean_10,act_std_10,grad_norm_10,act_mean_11,act_std_11,grad_norm_11,act_mean_12,act_std_12,grad_norm_12,act_mean_13,act_std_13,grad_norm_13,act_mean_14,act_std_14,grad_norm_14,act_mean_15,act_std_15,grad_norm_15,act_mean_16,act_std_16,grad_norm_16,act_mean_17,act_std_17,grad_norm_17,act_mean_18,act_std_18,grad_norm_18,act_mean_19,act_std_19,grad_norm_19,act_mean_20,act_std_20,grad_norm_20,act_mean_21,act_std_21,grad_norm_21,act_mean_22,act_std_22,grad_norm_22,act_mean_23,act_std_23,grad_norm_23,act_mean_24,act_std_24,grad_norm_24,act_mean_25,act_std_25,grad_norm_25,act_mean_26,act_std_26,grad_norm_26,act_mean_27,act_std_27,grad_norm_27,act_mean_28,act_std_28,grad_norm_28,act_mean_29,act_std_29,grad_norm_29,act_mean_30,act_std_30,grad_norm_30,act_mean_31,act_std_31,grad_norm_31,act_mean_32,act_std_32,grad_norm_32,act_mean_33,act_std_33,grad_norm_33,act_mean_34,act_std_34,grad_norm_34,act_mean_35,act_std_35,grad_norm_35,act_mean_36,act_std_36,grad_norm_36,act_mean_37,act_std_37,grad_norm_37,act_mean_38,act_std_38,grad_norm_38,act_mean_39,act_std_39,grad_norm_39,act_mean_40,act_std_40,grad_norm_40,act_mean_41,act_std_41,grad_norm_41,act_mean_42,act_std_42,grad_norm_42,act_mean_43,act_std_43,grad_norm_43,act_mean_44,act_std_44,grad_norm_44,act_mean_45,act_std_45,grad_norm_45,act_mean_46,act_std_46,grad_norm_46,act_mean_47,act_std_47,grad_norm_47,act_mean_48,act_std_48,grad_norm_48,act_mean_49,act_std_49,grad_norm_49
1.001250883960724,0.6305337265014649,0.6772666666666667,0.7997,4.058425188064575,-0.002843353,0.43266797,3.8476658,-0.009679725,0.3743468,4.2143927,-0.0013644287,0.33726132,4.3704233,-0.010159834,0.30297026,4.2886877,-0.005782695,0.29061037,4.3107605,-0.00841061,0.28195286,4.04386,-0.0014013919,0.28134495,4.20023,-0.0030555662,0.27215445,3.9819393,-0.011792389,0.26176155,4.0095153,0.004172605,0.24852656,4.05316,-0.011063966,0.23967561,3.9680228,0.005772656,0.2466827,3.683727,-0.0053602187,0.2405135,3.4920301,-0.0021154648,0.24535137,3.4385285,-0.006166004,0.24222527,3.3415685,-0.004099601,0.2440516,3.2599063,-0.01411049,0.25426826,3.1136193,0.00049167214,0.25138107,2.9051416,0.0034570026,0.24831563,2.8610673,-0.008702836,0.24391975,2.8222682,0.0080292225,0.25705576,2.8652987,-0.0039335713,0.23578404,2.869483,0.012473929,0.24127427,2.8182795,0.0011925193,0.23575716,2.7415166,0.0027215038,0.24544245,2.6500595,0.0042465217,0.24255218,2.4436567,-0.0048526693,0.25775018,2.3772094,0.003133886,0.26807895,2.2504354,0.008459688,0.2747355,2.2349186,-0.008735568,0.2650263,2.2207677,-0.0018289773,0.2682486,2.299507,-0.00057761045,0.28724372,2.115755,0.00029084692,0.27805063,2.102141,0.0058760894,0.27910495,2.0756981,-0.00954827,0.28441626,2.0446556,0.0031628874,0.27768567,1.9890074,0.0038273702,0.29035896,1.8586781,-0.00037484342,0.2995506,1.7574388,0.0026624454,0.31174543,1.6837558,-0.004451794,0.31542116,1.6525913,0.0071468004,0.3310955,1.5531334,-0.006084511,0.33703068,1.4696698,-0.0005449776,0.35002,1.4056181,-0.01399058,0.3604647,1.3840523,-0.0018604503,0.40663868,1.2655035,0.015167864,0.42727032,1.2444134,-0.002257352,0.4396611,1.2537482,-0.011314701,0.48741215,1.2506517,0.0023695193,0.52027935,1.3209509,-0.016066846,0.5545205,1.4725002
0.48918952450752257,0.39361775584220887,0.8618,0.8965,4.147441864013672,-0.0013458594,0.45667416,4.5375323,-0.025418257,0.40799677,4.8543363,0.0046896185,0.37853658,4.9288225,-0.007829405,0.34846616,4.725684,-0.0060583227,0.3467169,4.7256427,-0.007842199,0.34915194,4.4060497,-0.0027475995,0.3540612,4.425476,-0.0033375723,0.3528339,4.202615,-0.021504324,0.33684644,4.2702947,0.0045445664,0.3217844,4.2564235,-0.015702354,0.31643176,4.1902723,0.011268093,0.32983637,3.9525816,-0.009213992,0.31562594,3.8087292,-0.011224638,0.3186933,3.7241592,-0.006614638,0.3185798,3.5579271,-0.00572401,0.31396303,3.4748418,-0.01591501,0.31897852,3.3180618,0.00087657355,0.31443018,3.1328158,0.00427946,0.3080232,3.1001103,-0.010524852,0.30659136,3.0721126,0.016795665,0.31588137,3.0550852,-0.0044495533,0.28509882,3.0674067,0.013575235,0.29031044,2.9796755,0.001205456,0.28522542,2.8634472,0.00191467,0.29340833,2.7640564,0.0059055304,0.29813763,2.5636075,-0.009155534,0.31220788,2.4956257,-0.0020210769,0.3206949,2.3744326,0.005989221,0.32656807,2.3408923,-0.0015809878,0.3130567,2.3045416,0.00015126013,0.3128493,2.346852,-0.0037642901,0.32867086,2.1514306,0.005970151,0.3251364,2.1181455,0.004419029,0.3262894,2.11184,-0.004553097,0.33060107,2.048839,0.0034431498,0.32582477,1.9883835,0.006746207,0.33656132,1.852765,-0.0026910484,0.3516979,1.7614669,0.003912088,0.3614611,1.6934937,-0.0047669597,0.36652386,1.6383138,0.0053160554,0.38827178,1.50636,-0.011052372,0.39455917,1.4066459,0.0047649387,0.42064258,1.3241522,-0.0133137135,0.43914166,1.2569333,-0.002429018,0.49313116,1.0884559,0.011525192,0.51084846,1.0153897,0.0011523291,0.5329675,0.96558785,-0.016203923,0.59630185,0.89275485,-0.0039771157,0.64563847,0.89140695,-0.013284168,0.70111126,0.9637911
0.3378541751384735,0.46533686401844027,0.9090333333333334,0.8652,4.016077041625977,-0.0019124728,0.4854898,4.536866,-0.032664206,0.4406596,4.8540406,0.008164581,0.41341746,4.919867,-0.010247524,0.38379398,4.700275,-0.0031470556,0.3825041,4.676048,-0.003468155,0.3875426,4.38265,-0.0037472555,0.3907821,4.3369465,-0.005029345,0.39167917,4.1540284,-0.024094125,0.37258422,4.200743,0.005161836,0.35304376,4.1760426,-0.017416574,0.34869134,4.07815,0.015990965,0.3633044,3.855441,-0.0072880266,0.34455422,3.7203567,-0.015556142,0.34673724,3.6480005,-0.00486588,0.34455204,3.4647348,-0.0070691747,0.33844915,3.3605628,-0.015268935,0.3408282,3.2112556,0.0008715248,0.3371606,3.0294676,0.005883797,0.32892248,2.9764163,-0.011209125,0.32697377,2.924029,0.021955801,0.33653083,2.8691468,-0.004668789,0.30622965,2.867007,0.013988556,0.31272665,2.7812421,0.003295711,0.30923402,2.663759,0.0021885082,0.317449,2.5884821,0.007693497,0.32710773,2.4276507,-0.011663111,0.33857277,2.3731318,-0.0027573607,0.34517765,2.2802866,0.0054843286,0.3475248,2.249549,0.0023890247,0.33181065,2.2135458,0.0014891069,0.3278054,2.2564318,-0.0049361805,0.34169936,2.057645,0.0077867685,0.34080306,2.0198998,0.004420109,0.3401312,2.0149982,-0.0017550373,0.3458333,1.9571413,0.0033056687,0.3425763,1.897085,0.008997335,0.3514648,1.7702844,-0.0027137187,0.36669877,1.6858802,0.007743128,0.37420997,1.6272447,-0.0055880565,0.3799937,1.5703115,0.0057381373,0.40357104,1.4364518,-0.017311603,0.4093201,1.3362327,0.0048548733,0.4368002,1.2545614,-0.013752549,0.4564013,1.1804445,-0.00234495,0.51326895,1.0136209,0.01201081,0.5337665,0.9377546,0.005257446,0.5600927,0.8772245,-0.022551157,0.62650913,0.7903488,-0.010663937,0.6845909,0.7630234,-0.015098865,0.75000525,0.79187185
0.26966420934995017,0.287007076048851,0.9274333333333333,0.9205,4.0996010303497314,-0.003726436,0.50641644,4.383115,-0.036831517,0.46233678,4.682497,0.009825117,0.4360212,4.743042,-0.010501544,0.40683344,4.5345726,0.00023413467,0.40320942,4.4572434,-0.0044589033,0.40940323,4.169707,-0.0028689413,0.40997016,4.0970435,-0.004606044,0.41051885,3.9122515,-0.02333689,0.3905935,3.9236805,0.00391224,0.36919636,3.8682683,-0.019336432,0.36551285,3.737865,0.01835856,0.38066843,3.5279174,-0.0055926675,0.36049813,3.398882,-0.015272771,0.36248383,3.3292973,-0.0041215816,0.36021018,3.1528916,-0.0072419485,0.35310632,3.0469098,-0.015648065,0.35527152,2.908774,9.8912984e-05,0.35229948,2.7337835,0.0061230436,0.34501022,2.6922743,-0.011367017,0.34262675,2.6384425,0.022968946,0.35284808,2.595347,-0.0053163646,0.32196093,2.598326,0.011609718,0.33008817,2.5241537,0.003656948,0.32767135,2.4292393,0.0021725777,0.3353205,2.3773155,0.007107455,0.34660932,2.2520926,-0.01162563,0.35696745,2.2084517,-0.0038201713,0.36232534,2.1417878,0.0058929683,0.36085257,2.1163876,0.004586642,0.3440345,2.0881755,0.0006242087,0.33871767,2.1325564,-0.005862099,0.35118496,1.9526101,0.006776843,0.35251385,1.9268147,0.0012736671,0.34873992,1.9316456,0.00207,0.35601845,1.8895711,0.0029048405,0.3530448,1.8442252,0.00837727,0.36157587,1.7287867,-0.0032159039,0.3751144,1.653983,0.00677751,0.38068405,1.6014028,-0.0034857981,0.38643765,1.554028,0.0057900352,0.40751463,1.4286791,-0.017102642,0.4120782,1.3296376,0.007949889,0.43893895,1.2482313,-0.01055656,0.4600731,1.167986,-0.0027793923,0.51592165,0.9973354,0.011169398,0.5365649,0.91775274,0.008261246,0.56632566,0.8495479,-0.021832475,0.6327712,0.75309324,-0.011868708,0.69597936,0.7112006,-0.013763546,0.7689401,0.71763676
0.2261455139319102,0.22568677635192871,0.94035,0.9387,3.9800262451171875,-0.005325801,0.5235644,4.1280255,-0.036787238,0.4798648,4.4143453,0.010365481,0.45336887,4.5004363,-0.008779032,0.42240125,4.3231945,0.001966122,0.41753337,4.2557106,-0.0066078315,0.42317122,3.974902,-0.0040341453,0.42158654,3.8867564,-0.0051849894,0.42041805,3.6918736,-0.01988585,0.40067375,3.668842,0.0041990066,0.3784928,3.5931282,-0.019665148,0.37529346,3.4450145,0.019914048,0.39123088,3.2423067,-0.0033269187,0.37082505,3.1308196,-0.014139436,0.3716084,3.0457969,-0.0053000594,0.3695098,2.8717659,-0.007470798,0.3614442,2.7699835,-0.016597703,0.36291546,2.631894,-0.00017398928,0.36037254,2.471157,0.004537346,0.3541479,2.4295743,-0.010233544,0.3506607,2.3761098,0.022648213,0.3628465,2.3329232,-0.0054750275,0.33242097,2.3313925,0.009973564,0.34248173,2.2595835,0.002973282,0.34006974,2.180612,0.0011032833,0.34737366,2.1409645,0.006270411,0.35879713,2.0369842,-0.0118598,0.36964694,1.9947859,-0.0033828656,0.37382302,1.9464121,0.005482779,0.36961514,1.9291446,0.0039503365,0.35264736,1.9065828,-0.0010665875,0.34639448,1.9483291,-0.0070120683,0.35819072,1.7940747,0.0051940964,0.35996503,1.7783697,-9.648296e-05,0.35587636,1.7842177,0.0049535776,0.3624696,1.754962,0.0020976325,0.35999846,1.7172742,0.0077753766,0.36834732,1.6194588,-0.0025500767,0.38279226,1.5565743,0.005970893,0.386059,1.5166055,-0.0028905,0.392508,1.478946,0.00669001,0.4109583,1.3703449,-0.016366305,0.41641724,1.279191,0.005969519,0.44206628,1.2043104,-0.008604445,0.46387726,1.127004,-0.0024402724,0.5175334,0.9624983,0.009900697,0.53780437,0.8850488,0.010377412,0.5705453,0.8143031,-0.02173935,0.63878095,0.71690965,-0.014165877,0.70465314,0.6686239,-0.011983449,0.7823567,0.6633344
0.19682591740290323,0.23301419653892516,0.9473666666666667,0.9348,4.087862968444824,-0.0056095063,0.53617156,4.020431,-0.03681895,0.4921294,4.313166,0.009850221,0.4643834,4.415467,-0.008614868,0.43175608,4.2537913,0.0021434985,0.42626587,4.1800294,-0.0074124937,0.4316218,3.889126,-0.0037915343,0.42931914,3.7828388,-0.005197323,0.42782223,3.5680575,-0.018398728,0.40843877,3.5255606,0.0022440397,0.3859177,3.4377518,-0.019820172,0.38366592,3.2880185,0.02093841,0.40011185,3.0915663,-0.0031047557,0.37955958,2.9928842,-0.01354737,0.37978557,2.9064133,-0.006260296,0.3773411,2.7324555,-0.0075864396,0.36827454,2.6327388,-0.01625492,0.3693658,2.5002635,9.561544e-05,0.36741182,2.3408794,0.0038149331,0.36273533,2.296546,-0.009024097,0.35866567,2.2367227,0.022917753,0.37136132,2.1902304,-0.00576883,0.34144866,2.1895864,0.009370273,0.35329723,2.125071,0.002754154,0.35132667,2.0574818,0.000830171,0.35900995,2.0181694,0.0057555274,0.3704304,1.9213544,-0.011264235,0.38079533,1.8769785,-0.001850895,0.3843887,1.8387524,0.004992488,0.3776477,1.8220433,0.0029746273,0.36003038,1.799829,-0.0018593508,0.35362795,1.8311609,-0.00735083,0.36552668,1.6913275,0.0046561505,0.36663935,1.6775466,-0.00043092776,0.36202055,1.6828369,0.0057683075,0.36852697,1.6588134,0.0020675983,0.36598527,1.6245128,0.007000772,0.37374747,1.538828,-0.0026808386,0.38900754,1.4834646,0.005008621,0.39276433,1.4500109,-0.0030807026,0.39931154,1.4178021,0.008035133,0.4161096,1.3202755,-0.015079347,0.42198396,1.235807,0.0034071435,0.44648468,1.1675326,-0.00747948,0.46799225,1.0917621,-0.0029101188,0.52082634,0.9338158,0.008704689,0.5412733,0.8585721,0.010615055,0.57505864,0.7874714,-0.02121876,0.6449183,0.6889396,-0.015188426,0.7130189,0.6375648,-0.010896314,0.79351366,0.6247894
0.1779777411142985,0.20907899606227875,0.9522166666666667,0.9469,4.026283025741577,-0.0067215343,0.54695,3.9685955,-0.037944224,0.50305617,4.275921,0.009361182,0.47546113,4.393324,-0.0065033394,0.44168746,4.239365,0.0016038021,0.43561813,4.144439,-0.0098505495,0.4406538,3.847974,-0.0042873463,0.43845212,3.72591,-0.006451631,0.4353256,3.502351,-0.017068885,0.41555756,3.4247377,0.0031746507,0.3931297,3.3173347,-0.019710474,0.39159358,3.165994,0.02285139,0.408896,2.9696977,-0.0017909451,0.3891589,2.8731308,-0.013102852,0.38864207,2.781116,-0.0071394853,0.38601428,2.6130698,-0.0076386607,0.37603968,2.5237842,-0.016609786,0.37673333,2.387963,-0.0014692926,0.37540272,2.2398844,0.0038055337,0.37101248,2.2062316,-0.009612471,0.3668193,2.138771,0.022812938,0.38073722,2.1014323,-0.006335891,0.34964198,2.0938365,0.009348038,0.36248764,2.0342305,0.0029404548,0.3606319,1.9723011,-7.385425e-06,0.36758333,1.9398872,0.0058091166,0.3786912,1.8432097,-0.012010883,0.3887889,1.7934228,-0.0015762721,0.39143637,1.7601188,0.004846173,0.38427287,1.7438854,0.0032192739,0.36618066,1.7197025,-0.002096636,0.3593096,1.7436919,-0.0070363493,0.37237367,1.6119186,0.0050078603,0.37261736,1.5991081,-0.00069113146,0.3676985,1.6070015,0.0060606496,0.37430173,1.5845213,0.0026069,0.37154517,1.5543432,0.0062350775,0.37933502,1.4717798,-0.0039330362,0.39418802,1.424628,0.003979776,0.39759272,1.3941694,-0.0031280823,0.40366462,1.3638935,0.0089639835,0.4198394,1.2747504,-0.013976079,0.42600125,1.1982589,0.0028153204,0.45000577,1.132861,-0.0065286937,0.47215214,1.0621947,-0.003119286,0.52463025,0.9105078,0.008315535,0.54473263,0.8377653,0.011082859,0.58077574,0.767297,-0.020166771,0.65150464,0.6715985,-0.014381016,0.72080135,0.61809534,-0.009296061,0.8042881,0.5999117
0.16149337600866953,0.17066965843439103,0.9568,0.9522,4.1015119552612305,-0.006331389,0.5558558,3.949509,-0.037539,0.51150423,4.265298,0.00963139,0.48382327,4.3835034,-0.005581947,0.45042762,4.2263966,0.0019267794,0.44253695,4.127866,-0.010671261,0.44802713,3.8255734,-0.0044345963,0.4458978,3.6907132,-0.005603473,0.4415126,3.4646945,-0.016746351,0.42029417,3.3757575,0.0032930525,0.3976203,3.2607002,-0.020632064,0.39669564,3.1020994,0.022005195,0.41425103,2.9013982,-0.001157234,0.39527056,2.8080597,-0.011631138,0.39483157,2.7146182,-0.007427954,0.39049304,2.5401764,-0.00866134,0.38041204,2.445542,-0.017966554,0.3811323,2.319061,-0.00052055984,0.3799895,2.1735446,0.00436667,0.37521973,2.132253,-0.009153722,0.37186772,2.0653,0.022867216,0.38614833,2.023476,-0.006213224,0.35559446,2.0137143,0.009288016,0.36944702,1.9559829,0.0036109902,0.36703622,1.8974254,0.00043967942,0.37378222,1.8631198,0.0055697095,0.38551143,1.7647989,-0.011419888,0.39570656,1.7163407,-0.0010403891,0.39732778,1.6840132,0.0062138187,0.38915467,1.6701003,0.0023228873,0.3716736,1.6504488,-0.0028338279,0.3646268,1.6703892,-0.0068010655,0.37788433,1.5449637,0.0046525784,0.37802407,1.5337104,-0.0010590937,0.37247792,1.5422236,0.005417502,0.3784796,1.5204648,0.0029448078,0.3763531,1.4917512,0.0058541102,0.3840883,1.4163522,-0.0041118315,0.39942437,1.3752378,0.0034553937,0.4025332,1.349679,-0.00233319,0.4081661,1.3220155,0.00922658,0.4237709,1.2383049,-0.012830572,0.42976004,1.1649967,0.00299346,0.4534684,1.1048927,-0.006442088,0.47608498,1.0359834,-0.0039689667,0.5274098,0.8892588,0.008372349,0.54700553,0.81791025,0.010227909,0.5841795,0.74897945,-0.018823452,0.656252,0.65310967,-0.013610842,0.7269011,0.5982019,-0.01072351,0.8131944,0.57610065
0.1477548168460528,0.1713335112541914,0.9600666666666666,0.9546,3.9991250038146973,-0.0069428175,0.56439525,3.857246,-0.037619557,0.5188957,4.168897,0.011680814,0.49100876,4.2954483,-0.005196222,0.45774904,4.1559167,0.0021443043,0.4499781,4.060726,-0.011298951,0.4549339,3.7571194,-0.00400188,0.45212775,3.6282144,-0.0052210228,0.4474215,3.4029467,-0.016099602,0.42589206,3.308424,0.0033704645,0.4025705,3.1902838,-0.021682488,0.40193516,3.0297506,0.023533437,0.41983682,2.8383346,0.00044161468,0.400818,2.7503073,-0.011041956,0.39989743,2.6478317,-0.008640699,0.39509588,2.480023,-0.009088512,0.38401648,2.3876972,-0.017560842,0.38404205,2.2623425,0.000283138,0.38285273,2.1180193,0.0046261568,0.37827003,2.0779235,-0.008121279,0.37436432,2.0073073,0.0233235,0.3890807,1.9617624,-0.006550994,0.35936272,1.9485002,0.008779167,0.3740044,1.891735,0.0037973707,0.3720648,1.8389645,0.00021427716,0.37810066,1.8048438,0.0051462483,0.3901485,1.7067928,-0.010598829,0.3998212,1.6525536,0.00023553857,0.40181005,1.6234443,0.00503264,0.39353484,1.6072339,0.0026999493,0.37587836,1.5837249,-0.0029931574,0.36897472,1.5969077,-0.007860975,0.3824267,1.4820601,0.0047285217,0.38286802,1.4725378,-0.0008400812,0.37688458,1.4793888,0.0060902718,0.38318893,1.4586759,0.003396379,0.38146403,1.4294033,0.005215853,0.38843837,1.3614022,-0.004279349,0.4039438,1.3251581,0.0035651852,0.40714118,1.3030244,-0.0016650714,0.41167763,1.2786083,0.0091951955,0.4269696,1.1986486,-0.01244078,0.43256494,1.131075,0.0022141684,0.4564873,1.0730263,-0.005557573,0.478141,1.0057335,-0.0046539437,0.52969587,0.8655852,0.006802164,0.5502194,0.7968216,0.009852219,0.5886395,0.72865075,-0.017698238,0.6618071,0.6348602,-0.015552156,0.73367804,0.580239,-0.009560998,0.82115835,0.5562561
0.13659656814336776,0.15475818619132042,0.9631833333333333,0.9564,4.093586206436157,-0.006934178,0.5710326,3.780603,-0.03880456,0.525665,4.08298,0.012027454,0.49772346,4.2263775,-0.0033807664,0.46291143,4.0905395,0.0030845678,0.45509925,3.989076,-0.011979915,0.46059424,3.6763577,-0.0028148484,0.45735216,3.5415618,-0.0060358294,0.4525988,3.3167102,-0.01651727,0.43069026,3.2143748,0.0046974006,0.40738174,3.0950344,-0.021501955,0.407153,2.9363148,0.024334406,0.4245116,2.7505143,0.0019367863,0.40683737,2.66915,-0.010355621,0.4058,2.5705655,-0.00813408,0.4003002,2.407765,-0.009301565,0.38877988,2.3171895,-0.017121907,0.38822493,2.1987352,-0.0008703165,0.3873839,2.0601783,0.005788645,0.3829975,2.0230598,-0.008950819,0.37925985,1.9507161,0.023240445,0.394452,1.9066397,-0.006471051,0.36364362,1.8895763,0.008352356,0.37856475,1.8343868,0.004310481,0.37674809,1.7851592,0.0002159558,0.38347507,1.7507136,0.0051671974,0.39567512,1.6547992,-0.011906498,0.40436974,1.6039665,8.6154427e-07,0.40585053,1.573479,0.0045254747,0.39816925,1.559974,0.0035276134,0.38133904,1.5391078,-0.0031981166,0.37366328,1.5505981,-0.008506987,0.3872512,1.4356332,0.0046829875,0.38700327,1.4266913,-0.0011912629,0.38096988,1.4345788,0.0076023526,0.38718364,1.4137253,0.0040475675,0.38569102,1.3850876,0.005138227,0.39203867,1.3202353,-0.0046959524,0.40696156,1.2872051,0.0031215588,0.41041476,1.26804,-0.0014506987,0.41390565,1.2449226,0.01022958,0.42901644,1.1670164,-0.01195105,0.4344325,1.1007029,0.0013625794,0.4580392,1.0447948,-0.0053164675,0.47910216,0.9791486,-0.004864481,0.5304035,0.8438635,0.006643666,0.5515793,0.7766927,0.009920583,0.5915281,0.7093695,-0.017028885,0.66556156,0.6171193,-0.014419996,0.7384821,0.5621542,-0.008863121,0.82715935,0.5354955
0.12689035000999768,0.13676360326111317,0.96515,0.9626,3.9684219360351562,-0.007573855,0.57707995,3.7434368,-0.04076433,0.53182596,4.0601707,0.013724748,0.503348,4.2012796,-0.0035690095,0.4676046,4.0793962,0.002644542,0.45912588,3.9641435,-0.011967396,0.46370792,3.6535203,-0.0029641455,0.46076265,3.5161517,-0.006534111,0.4563385,3.284352,-0.016260577,0.43459406,3.165831,0.003997041,0.4115026,3.043695,-0.02158579,0.41074502,2.8822765,0.024854485,0.42835373,2.690144,0.0010319375,0.41108423,2.6081824,-0.010304369,0.41034833,2.5047514,-0.008371513,0.40482527,2.3425813,-0.010161841,0.39362973,2.2527797,-0.017973254,0.3927424,2.1334321,-0.0003733615,0.3917556,1.9994549,0.0060354946,0.38715917,1.9590938,-0.008811261,0.38403574,1.8867186,0.022556366,0.39970943,1.8373709,-0.0064024595,0.3689253,1.817162,0.008153648,0.38442716,1.7636672,0.004396728,0.38254172,1.718488,0.0010840388,0.3888539,1.6893715,0.005310442,0.40159264,1.5935664,-0.010747552,0.4096474,1.5441784,0.00017398842,0.4110787,1.5205758,0.00570199,0.4036335,1.5069796,0.0032308747,0.38608658,1.4891258,-0.003592081,0.37834007,1.5025765,-0.008312684,0.39200646,1.3949867,0.004356579,0.39117342,1.3853524,-0.001090836,0.38418502,1.3933032,0.0070942366,0.39040297,1.3716322,0.004690288,0.3890488,1.3421794,0.0050928467,0.3951913,1.281667,-0.0043774336,0.41076124,1.2536707,0.0027060194,0.4138426,1.234092,-0.0008348381,0.41717455,1.211649,0.01064453,0.43197796,1.1389345,-0.011277535,0.43717596,1.0781673,0.0014640932,0.46034655,1.0242269,-0.0061608437,0.48114985,0.96032304,-0.005684604,0.5319164,0.8275658,0.007463209,0.5530784,0.7622589,0.008605372,0.59351397,0.6953513,-0.01620647,0.66778225,0.60365134,-0.012306774,0.74157214,0.5486074,-0.011160562,0.8322737,0.5203965
0.11592677682240804,0.1339238830089569,0.9683,0.9635,4.096927881240845,-0.00852043,0.5832396,3.6482317,-0.04218251,0.5378307,3.9630308,0.016071636,0.5092827,4.1076903,-0.004745559,0.47291055,3.9879417,0.0036706773,0.4637195,3.879121,-0.010955783,0.46771157,3.562382,-0.0019719088,0.46569502,3.4197507,-0.0068916706,0.4611325,3.1902256,-0.016664943,0.43892092,3.0728638,0.0031437376,0.4154359,2.953382,-0.021423968,0.41528246,2.795245,0.024623754,0.43263006,2.6043863,0.001084265,0.41441703,2.521168,-0.009582123,0.41480514,2.417699,-0.009385524,0.4091732,2.257454,-0.009917835,0.39865553,2.1703405,-0.016746573,0.39697814,2.0580487,0.00020847518,0.39590698,1.9235412,0.0065963008,0.3911928,1.8826456,-0.008038996,0.38798892,1.8132911,0.022444135,0.40381995,1.7657849,-0.006224542,0.37354338,1.745592,0.0076607848,0.38943425,1.696376,0.004566063,0.38689262,1.6552998,0.00064589654,0.39288247,1.6241924,0.0045369295,0.40608191,1.5305774,-0.010715168,0.41376308,1.4820421,0.00072851096,0.41494325,1.4561361,0.0048550507,0.40764743,1.4463853,0.0030203531,0.3904765,1.4284903,-0.003822341,0.38251513,1.4401001,-0.008475698,0.3959153,1.3351142,0.0048155105,0.3948224,1.3260834,-0.0009097049,0.38813853,1.3348205,0.0065496527,0.393757,1.3145984,0.0051431693,0.39272532,1.2873474,0.004513997,0.39863604,1.2303087,-0.0053100134,0.41399172,1.2036785,0.0018152755,0.41692454,1.185985,-0.0011954515,0.4196819,1.1638594,0.011196731,0.43452024,1.0944239,-0.010638213,0.43908665,1.036804,0.001144131,0.4620686,0.98663855,-0.005808723,0.48339778,0.92446,-0.0065830704,0.53416127,0.7988623,0.007463203,0.55566233,0.736159,0.0080995755,0.5964089,0.67226315,-0.01588217,0.67174214,0.583267,-0.011721232,0.7473199,0.5288094,-0.010770939,0.8396622,0.4993664
0.11115600990653038,0.1330008647888899,0.96965,0.9641,3.984863042831421,-0.009791843,0.58825725,3.7024844,-0.04140018,0.5428097,3.9981773,0.016920045,0.51513195,4.1342826,-0.004685263,0.4784127,4.0144196,0.0029039993,0.4700963,3.9031973,-0.010934094,0.47428814,3.5737395,-0.002868293,0.47141275,3.4312077,-0.0067671738,0.46580595,3.186856,-0.01626693,0.4433975,3.059296,0.004599127,0.41889215,2.9317484,-0.02098521,0.41932026,2.7734628,0.024494588,0.43577895,2.580122,0.0023131254,0.41819683,2.501125,-0.008960634,0.41868582,2.3938327,-0.009664401,0.41218838,2.2396097,-0.009940572,0.40148145,2.154228,-0.016066507,0.39903253,2.0399768,0.0011622139,0.3974423,1.9053963,0.00693769,0.3937437,1.8675753,-0.0069076545,0.39081693,1.7959666,0.02158466,0.4070834,1.7499381,-0.005450508,0.3773091,1.7270602,0.0064737434,0.3934125,1.6746105,0.00460912,0.39041862,1.6364872,0.0006870182,0.39642742,1.6038407,0.0040243235,0.4100647,1.5078174,-0.008865323,0.4172242,1.4582195,0.0010608289,0.4177918,1.4330382,0.0039392174,0.4104717,1.4237895,0.0036395343,0.3933668,1.4053878,-0.004402222,0.38583332,1.4147954,-0.0100488635,0.39929277,1.3150115,0.004299749,0.39817774,1.3083062,-0.001659567,0.39093933,1.3184488,0.008355367,0.39674675,1.2986801,0.0051011625,0.39565042,1.2722461,0.004252051,0.40153736,1.2150754,-0.004656797,0.41664615,1.1908138,0.0013735861,0.419105,1.1755629,-0.00031369698,0.42183313,1.1553528,0.010840049,0.4359948,1.0890062,-0.009915987,0.44089848,1.0329472,0.00059604115,0.46390432,0.9820235,-0.0049254363,0.48389506,0.920161,-0.006874668,0.53454286,0.79457086,0.005517762,0.5561881,0.7315661,0.0079950895,0.5969514,0.66782284,-0.014205249,0.67246294,0.5783525,-0.012727817,0.7498058,0.5222934,-0.009698395,0.8429583,0.4910135
0.10382043687303862,0.1381204130023718,0.9706166666666667,0.9628,4.088289976119995,-0.010487278,0.59250283,3.6401982,-0.04143533,0.5475401,3.9456477,0.016405016,0.519622,4.082186,-0.003723918,0.48287484,3.9705164,0.002470313,0.47305796,3.866451,-0.01041183,0.47668934,3.5342534,-0.0009962372,0.47457463,3.3864472,-0.006751768,0.4695488,3.1311047,-0.016377771,0.44720545,2.9947162,0.0047195293,0.42259952,2.861449,-0.02343786,0.42275056,2.7039378,0.023780033,0.43986744,2.5116227,0.0024239637,0.42335242,2.4319696,-0.009686771,0.4233931,2.3260095,-0.009475788,0.41672915,2.1765778,-0.0103657385,0.40619466,2.0933585,-0.017142411,0.40352005,1.9803306,0.00015233437,0.40238422,1.8505424,0.007546134,0.398516,1.8117821,-0.008847267,0.39585567,1.7377096,0.020658357,0.41171288,1.6910951,-0.0058750384,0.3816208,1.6695646,0.0073542055,0.39749956,1.6202608,0.0035695732,0.3943291,1.5847007,0.0004278881,0.40090844,1.5547733,0.004553827,0.41446725,1.4655802,-0.010342252,0.42076507,1.4164783,0.0005724829,0.42146468,1.3937379,0.0032323329,0.41519266,1.3810072,0.005575956,0.39766017,1.361338,-0.0039074514,0.38951844,1.3699013,-0.010825373,0.40354425,1.2746975,0.0038109017,0.401709,1.2701863,-0.0019163142,0.3942457,1.2828898,0.010103334,0.4000986,1.264893,0.0050242525,0.3989718,1.2404534,0.004918712,0.40425712,1.1851795,-0.0045505017,0.41871777,1.1640762,0.0020631202,0.42087466,1.1505646,-0.0006808405,0.42272115,1.1331087,0.011067599,0.43745795,1.067955,-0.0105407825,0.44209242,1.0143822,9.935805e-05,0.4648243,0.9645755,-0.0053483,0.4851808,0.903793,-0.0060718083,0.5358403,0.781905,0.0056262007,0.55812776,0.72078854,0.009171101,0.599657,0.6569837,-0.014880785,0.67551816,0.5686501,-0.012940331,0.75354594,0.51204497,-0.009760332,0.8486694,0.4792583
0.09892264807621638,0.1409899620100856,0.9718333333333333,0.9648,3.970305919647217,-0.010423867,0.59584564,3.624857,-0.042344894,0.54989207,3.9263623,0.01547857,0.5225381,4.0567207,-0.0033231527,0.48550314,3.9338186,0.0040830546,0.47532514,3.8076725,-0.010743211,0.47898912,3.4699974,-0.0006867883,0.47785887,3.3131845,-0.0067161308,0.47278196,3.070922,-0.01604527,0.45041284,2.9290936,0.005774459,0.42563146,2.79418,-0.02228231,0.42624724,2.639364,0.024061114,0.44419873,2.4567027,0.002332225,0.42764455,2.381195,-0.009234083,0.42784983,2.2819557,-0.010580635,0.4208119,2.1392105,-0.010298454,0.41068354,2.0569832,-0.016468955,0.4075046,1.9529067,-0.0012912509,0.40619546,1.8229471,0.0075514526,0.40159634,1.7836162,-0.009545925,0.39852053,1.7121942,0.019768916,0.41449225,1.6623662,-0.0057281316,0.384502,1.638975,0.0073895883,0.40077412,1.5881491,0.0028707865,0.3977478,1.5515637,-3.1478598e-05,0.4034461,1.5244648,0.004486566,0.417208,1.4357065,-0.01091137,0.42310742,1.3865622,0.0008755061,0.42447826,1.3632053,0.0030488165,0.41757646,1.3545033,0.0058088615,0.39998236,1.3354415,-0.0041648694,0.3919196,1.3441613,-0.010815234,0.40582263,1.2513562,0.0035782265,0.4042963,1.2463704,-0.002508178,0.39571005,1.2545879,0.010374589,0.4023102,1.2362338,0.004659541,0.4013293,1.2091985,0.004995235,0.40623206,1.1615489,-0.005514416,0.4196847,1.1389834,0.0015009419,0.4215734,1.128738,-0.0015314227,0.4231679,1.1110027,0.012338249,0.4386287,1.049083,-0.01071238,0.44307882,0.9967582,-0.0010728858,0.4651334,0.9509356,-0.0060264696,0.48534337,0.8904342,-0.006392525,0.5359399,0.7721559,0.0066552134,0.55887526,0.71229976,0.009203565,0.60025203,0.6488409,-0.015711522,0.6768936,0.56070906,-0.011701768,0.7563,0.5042187,-0.009916287,0.8533532,0.47031438
0.09131452426314354,0.1623258635520935,0.9741333333333333,0.9548,4.139160871505737,-0.012329409,0.6014115,3.579767,-0.0448149,0.5547052,3.8789234,0.014731383,0.5272054,4.001244,-0.004246626,0.48970723,3.8883252,0.004705989,0.4784678,3.7633383,-0.011332428,0.4823479,3.4233053,5.8460733e-05,0.48156953,3.2709398,-0.007172597,0.47525263,3.0253904,-0.017283952,0.45226812,2.8760884,0.005621452,0.42805135,2.738294,-0.023181275,0.42903492,2.5857348,0.025470661,0.44705644,2.402816,0.0012534945,0.43052888,2.3268046,-0.010183828,0.43227026,2.224959,-0.010492599,0.4244312,2.0841846,-0.011097605,0.4137098,2.0015235,-0.01666322,0.41018388,1.9010775,-0.00024604288,0.40896764,1.7734352,0.008276995,0.4047089,1.7361714,-0.009399927,0.4011016,1.6655008,0.021187458,0.41672957,1.6147592,-0.0068158493,0.38692528,1.5913857,0.008305111,0.40314794,1.5421531,0.0042702793,0.40043598,1.5059217,0.00078607455,0.40597454,1.4759597,0.0042620166,0.42011607,1.3892313,-0.009334913,0.4258063,1.3422887,0.0018564813,0.4273144,1.3235017,0.004125709,0.4206974,1.3153366,0.0049855066,0.4031391,1.3005459,-0.0044854926,0.39551157,1.3102827,-0.010132367,0.40851423,1.219755,0.004108047,0.40676805,1.2134397,-0.0014762974,0.39834967,1.2229679,0.007953918,0.40492716,1.2076606,0.005345541,0.40339816,1.182194,0.004720992,0.4074629,1.1325787,-0.005306305,0.42114556,1.111743,0.0012832457,0.4232079,1.1023735,-0.00034575522,0.42371702,1.0848223,0.010743305,0.43927783,1.0220354,-0.00992839,0.44336987,0.9711985,0.0013597187,0.46688035,0.9245618,-0.0062131453,0.48633704,0.86535376,-0.007880694,0.5391896,0.74958545,0.0064641866,0.5621371,0.6914349,0.0076960805,0.60363424,0.6308842,-0.014444383,0.6795518,0.5443348,-0.011507296,0.760673,0.48693195,-0.012968233,0.85900664,0.45264456
0.08621898206472396,0.13434896663874388,0.9755833333333334,0.9638,3.98779296875,-0.012674148,0.6033,3.5280745,-0.044175018,0.557814,3.826463,0.013663787,0.5295887,3.95923,-0.0026071041,0.4920366,3.8453946,0.0025281594,0.48017892,3.7167914,-0.009633085,0.48416716,3.3810816,0.0030199029,0.48435706,3.2368355,-0.00546142,0.47731525,3.0011349,-0.017170226,0.454969,2.8576267,0.0069945664,0.43061128,2.714408,-0.023717316,0.4314774,2.5647323,0.024863752,0.44913056,2.38032,0.0020485327,0.43252787,2.3063002,-0.0092647765,0.43392056,2.2037346,-0.009938192,0.42603895,2.0639446,-0.01107035,0.41465995,1.9829261,-0.017457249,0.4103213,1.8827192,-0.00087857107,0.40924662,1.7542874,0.008447638,0.40504858,1.7153561,-0.009911156,0.40185496,1.6446098,0.018625386,0.41734022,1.5938064,-0.0063727805,0.38795292,1.567323,0.00817531,0.40413684,1.5163609,0.003174232,0.4019638,1.4806031,0.00096460845,0.40763155,1.4525696,0.0046978365,0.4216132,1.3625147,-0.009323964,0.42724296,1.3142072,0.0013448906,0.42898253,1.295932,0.003307633,0.4226886,1.2865446,0.0061459434,0.4050907,1.2711226,-0.004054226,0.39723548,1.2804779,-0.0108229825,0.41042703,1.191402,0.0030121927,0.40868652,1.1860675,-0.0024449003,0.40005335,1.1957879,0.009801355,0.40685296,1.1810259,0.0045587565,0.4061635,1.1546261,0.005036248,0.41051418,1.1041235,-0.004748649,0.42410117,1.0857537,0.0016051148,0.4254448,1.0752469,-0.00065512856,0.4256915,1.0592678,0.01091798,0.44119176,1.0003294,-0.010258997,0.4451696,0.9510925,0.00053702114,0.46737495,0.90439993,-0.0059507727,0.4882571,0.84620893,-0.007028392,0.5401789,0.7336358,0.0063251955,0.56286824,0.6760263,0.008862402,0.60386735,0.6165838,-0.0146903405,0.68121123,0.5314349,-0.012018805,0.76289517,0.47500387,-0.011816809,0.8635803,0.4408498
0.08179029260675112,0.16926539831757545,0.9768166666666667,0.9517,4.06966495513916,-0.0124338,0.60779184,3.4915683,-0.04605239,0.56110305,3.7979872,0.014824841,0.531944,3.9149644,-0.0033341546,0.49410355,3.7834184,0.0030859099,0.48212224,3.6449788,-0.009575205,0.4857383,3.3059947,0.00045946907,0.48512304,3.1490057,-0.006826353,0.4784857,2.9099488,-0.016537936,0.45657462,2.7616298,0.0071170293,0.43369192,2.6175663,-0.022508502,0.43435553,2.4713604,0.023565866,0.4515763,2.2907443,0.0025526765,0.43456355,2.2177703,-0.008289796,0.4375992,2.1118526,-0.009553006,0.42880344,1.9792334,-0.010612118,0.41807526,1.901163,-0.016339708,0.414228,1.8054038,0.0009435994,0.4129466,1.682458,0.008651028,0.40918648,1.6498998,-0.0077003697,0.40535003,1.5823554,0.019604111,0.42137983,1.5321671,-0.0045548347,0.39142844,1.5076421,0.0068399045,0.40785992,1.4570634,0.0042826505,0.40572748,1.4260337,0.0013445384,0.4117141,1.4001153,0.0041377456,0.4257328,1.3162627,-0.007317145,0.43095145,1.2722188,0.001136346,0.4320058,1.2533643,0.0037400278,0.42551574,1.2448584,0.0049209767,0.40799853,1.2281388,-0.004358056,0.3997287,1.2367553,-0.010638943,0.41345415,1.1540607,0.003331998,0.41126168,1.1486933,-0.0020454496,0.4028192,1.1589922,0.008780821,0.4099086,1.1488185,0.005165265,0.40814826,1.1237935,0.004503302,0.41251877,1.0761594,-0.0044000586,0.42600426,1.0610286,0.0010064588,0.42770776,1.0507576,-0.00026534247,0.4274201,1.0355452,0.01071513,0.4425733,0.97926235,-0.009210063,0.44643405,0.93243587,0.00082794746,0.46862292,0.8862324,-0.0060283435,0.48837918,0.82919145,-0.008126894,0.54051405,0.7185043,0.006397442,0.56409264,0.6622998,0.007487392,0.60556775,0.60328156,-0.013583474,0.6834587,0.519716,-0.010220949,0.7655417,0.46385315,-0.012985591,0.866471,0.4294802
0.07856418285568555,0.12266022912412881,0.97785,0.9677,4.004596948623657,-0.012349649,0.61181855,3.5148425,-0.05030148,0.5646641,3.839694,0.01603783,0.5360967,3.9740477,-0.004407517,0.49646106,3.8407834,0.0036474734,0.48489788,3.6936865,-0.009913276,0.4893832,3.3429732,0.00065160816,0.48930266,3.1793737,-0.0062340857,0.48299235,2.9309633,-0.017383486,0.461008,2.7679448,0.005928591,0.4377622,2.6264286,-0.023333218,0.43836206,2.4779587,0.02545573,0.456255,2.292024,0.0029563466,0.4390993,2.2167785,-0.008875966,0.44140527,2.1065927,-0.009794941,0.4317652,1.9772267,-0.010945978,0.4212489,1.8997073,-0.015220168,0.4170102,1.8030918,-8.382148e-05,0.4147629,1.6748506,0.009151412,0.40987003,1.639014,-0.0086112395,0.40704712,1.5694166,0.018848281,0.4232748,1.5200778,-0.0044184504,0.39406344,1.494636,0.0066334046,0.41074523,1.4465859,0.003571511,0.4078284,1.4169809,0.000978559,0.413044,1.3911319,0.004300309,0.4278648,1.305415,-0.0077193803,0.43291545,1.2636337,0.00054367434,0.43433496,1.2439389,0.0026362063,0.42803445,1.2349994,0.006522716,0.41015485,1.2202411,-0.0037178728,0.40167364,1.2258549,-0.011201757,0.41560706,1.1427572,0.0036841626,0.41390193,1.1393753,-0.0024395164,0.40483373,1.1491747,0.009880125,0.41207156,1.1372288,0.0050264075,0.41047165,1.1136873,0.0044376464,0.41515014,1.0657973,-0.0050461045,0.42846024,1.0481929,0.001326759,0.4296433,1.0388505,-0.0005926502,0.42843616,1.0244417,0.010980589,0.44492674,0.96808505,-0.009789997,0.4476439,0.9229363,0.0010474954,0.46902615,0.8782225,-0.0057423487,0.4890971,0.8213419,-0.0076025156,0.54161114,0.71202767,0.006396005,0.5656408,0.65598816,0.00872236,0.6060668,0.59721744,-0.014239529,0.68450385,0.5134426,-0.01087283,0.7686402,0.4579905,-0.011868357,0.87094337,0.42294562
0.07485123122135798,0.1287864754527807,0.9792166666666666,0.9651,4.076855182647705,-0.01402404,0.6144706,3.4794638,-0.050276812,0.5671461,3.7919128,0.014530615,0.53769404,3.9135432,-0.004882294,0.49899966,3.7609622,0.0033349304,0.4873148,3.6002119,-0.008722876,0.49181393,3.2510273,0.00090129656,0.4922533,3.0925357,-0.0072188806,0.4853374,2.8569055,-0.017859176,0.4629738,2.7024171,0.007832331,0.44017613,2.559877,-0.023690054,0.44147155,2.4155722,0.02506649,0.45910853,2.2390316,0.0041738874,0.44162902,2.1703804,-0.00867314,0.44370306,2.0746207,-0.009115244,0.43460834,1.950894,-0.009871014,0.42361596,1.8668602,-0.016345734,0.4185691,1.7771674,-0.0007867362,0.41646713,1.6452423,0.008768423,0.41195616,1.6073272,-0.008413976,0.40883836,1.539199,0.01829194,0.4248311,1.4890035,-0.0043428354,0.39586502,1.462269,0.0060542617,0.41276085,1.4118766,0.0030103752,0.4099166,1.3809302,0.0006590076,0.4153662,1.3547273,0.004237952,0.43051848,1.2693918,-0.0071535083,0.43493474,1.2270296,2.6878577e-05,0.43698728,1.2104075,0.0025695218,0.43076196,1.2010189,0.007131456,0.41232228,1.1852269,-0.004160907,0.40391883,1.1952375,-0.011440127,0.41790134,1.1148237,0.0027822892,0.4164399,1.1109027,-0.0036926793,0.40711057,1.1222724,0.010495351,0.41448244,1.109986,0.004647681,0.41269255,1.0872273,0.0042572934,0.41645858,1.0387455,-0.005259156,0.42944002,1.0228298,7.681465e-05,0.43045294,1.0136881,-9.7326956e-05,0.42861658,0.9994928,0.01087038,0.44513348,0.94714224,-0.008346262,0.44786322,0.90290606,0.0012838887,0.46892545,0.85879344,-0.005014818,0.48910528,0.80331385,-0.007772848,0.5425463,0.6958305,0.005766378,0.5662951,0.6408666,0.007987211,0.60691303,0.5846698,-0.012592379,0.6860337,0.50285554,-0.008845161,0.7707545,0.44797456,-0.011013197,0.8742388,0.4126293
0.07215972225169341,0.11531403569728137,0.9797333333333333,0.9689,3.974402666091919,-0.0140359225,0.6187752,3.522113,-0.049134925,0.57135075,3.811121,0.01362693,0.542273,3.9078507,-0.005137882,0.50299186,3.7785568,0.0029780942,0.49115935,3.6348264,-0.010182347,0.49527082,3.266411,0.0018115921,0.4957872,3.0995233,-0.006687393,0.48896837,2.8471315,-0.017520024,0.4660215,2.6877542,0.007572391,0.44310802,2.5481672,-0.024526332,0.4445592,2.4008114,0.025622072,0.4629359,2.2272666,0.0033717072,0.44601077,2.1612396,-0.00925679,0.44708088,2.0621126,-0.010569303,0.437226,1.9367352,-0.010577312,0.42641765,1.8588666,-0.01723218,0.42163014,1.766319,-0.00081902946,0.41949925,1.6318474,0.007989887,0.41609627,1.5925455,-0.009377026,0.4131158,1.5244695,0.017898008,0.4289901,1.4737161,-0.0053292788,0.3997264,1.4489838,0.006771793,0.41616136,1.3980224,0.0024813297,0.41310808,1.3694216,0.0009019106,0.41787726,1.338287,0.0048114425,0.43308228,1.2550403,-0.0071490826,0.4372055,1.2102553,0.0004115249,0.43891278,1.1896209,0.0022788912,0.43293235,1.1843765,0.0076566893,0.41389033,1.1696396,-0.0036701164,0.4059402,1.1739157,-0.011666831,0.41987586,1.0953593,0.0024864837,0.41922012,1.0941807,-0.0034584666,0.40931776,1.1042266,0.010688542,0.41651735,1.0946364,0.0046301847,0.41475815,1.0725504,0.0045708064,0.41805458,1.0281296,-0.0051046284,0.43113992,1.009044,0.0010598009,0.43204528,1.00059,-0.00033136643,0.4304176,0.98956215,0.010513322,0.44706672,0.93655217,-0.00911267,0.44976893,0.8919079,0.0015615084,0.47053802,0.8512687,-0.0050452566,0.4898356,0.79478955,-0.007934954,0.5435558,0.68935573,0.0056487336,0.5674843,0.6364021,0.00872082,0.6078414,0.5785584,-0.013326751,0.6869258,0.49653,-0.011159404,0.7722917,0.44210052,-0.010771413,0.8763658,0.4061041
0.0675365292708079,0.11959311513006687,0.9811,0.9677,4.079125165939331,-0.014979639,0.6218637,3.463329,-0.05119104,0.57451814,3.7657747,0.014761719,0.54600114,3.8771024,-0.0035332874,0.505725,3.7277865,0.0043936255,0.49269813,3.5689645,-0.010208413,0.49705467,3.2193568,0.00069480157,0.49664202,3.042841,-0.007410866,0.48991197,2.8038166,-0.017096957,0.46748492,2.6437929,0.007982638,0.44409683,2.5006204,-0.023511622,0.4463755,2.3552158,0.025294939,0.46444413,2.1794064,0.0038628648,0.44780457,2.109071,-0.008992059,0.4496131,2.0087757,-0.00998009,0.43889964,1.8828194,-0.011241851,0.42840213,1.8043076,-0.016811034,0.42371437,1.717601,-0.00073947234,0.42156407,1.5896056,0.008447835,0.41810375,1.5520916,-0.009946458,0.4156234,1.4841541,0.01715133,0.4312429,1.4346348,-0.0049175746,0.40156835,1.410166,0.006760421,0.4184675,1.361544,0.0025453442,0.41552216,1.331498,0.0012884614,0.42164966,1.303827,0.005259449,0.4362598,1.2242167,-0.0069220094,0.43966094,1.180162,0.0007465351,0.44072112,1.160947,0.0017995432,0.4339273,1.1529497,0.008006317,0.41560256,1.1391811,-0.003274943,0.4076252,1.1432489,-0.012554079,0.4219146,1.0682564,0.0024080602,0.42161295,1.0668075,-0.0034691698,0.41201952,1.0770723,0.011445142,0.41844088,1.066119,0.004614256,0.41660234,1.0449498,0.005006333,0.41975898,1.0034205,-0.004583724,0.43226323,0.9858268,0.0018340618,0.43282366,0.97801757,-0.00044345777,0.43091106,0.96467113,0.01035635,0.4480996,0.91377944,-0.009462489,0.45015275,0.8716511,0.0012307654,0.47064647,0.82947284,-0.0051109917,0.49082336,0.7748841,-0.008131697,0.5444257,0.6722177,0.004910233,0.56937754,0.6201908,0.009015983,0.6095763,0.5641124,-0.0129937865,0.68925846,0.48427656,-0.012239808,0.7760415,0.43103105,-0.01002195,0.8806805,0.3956016
0.06353859270016353,0.11639835900068284,0.98245,0.9693,3.988780975341797,-0.012748903,0.6245553,3.384697,-0.05345654,0.57477486,3.6651168,0.014893907,0.5471978,3.7670228,-0.0028476885,0.50626427,3.6405284,0.002464802,0.4934097,3.4903855,-0.009545086,0.4989281,3.135036,0.00095551286,0.49933785,2.9735181,-0.0072516864,0.49240735,2.738982,-0.016790738,0.46941078,2.5760663,0.008202596,0.44582376,2.4360876,-0.022699406,0.44807428,2.2973878,0.024769582,0.46568474,2.1249712,0.004557712,0.44893178,2.0589957,-0.008401855,0.45162794,1.9575578,-0.009905636,0.44037262,1.8410208,-0.010463301,0.4300223,1.762939,-0.015610337,0.42623714,1.6751544,-0.0013449489,0.42367226,1.5433426,0.00797378,0.4199119,1.5086615,-0.00935467,0.41795316,1.4440594,0.014967627,0.43387207,1.3986436,-0.0041962718,0.40413013,1.37277,0.005768401,0.42155695,1.3237836,0.0013056754,0.41896597,1.2974335,0.0009372708,0.42468432,1.2702618,0.005230308,0.43927512,1.1919248,-0.006899196,0.44244945,1.1502979,-0.0003768872,0.44356406,1.1282233,0.0012406514,0.4366905,1.1195105,0.009181019,0.4185211,1.1039668,-0.003092669,0.41016135,1.1091799,-0.013019752,0.42413056,1.0364949,0.0017974244,0.42309767,1.0366141,-0.00424565,0.41317087,1.0481128,0.012443081,0.42024454,1.0407726,0.0042229462,0.4177626,1.0190979,0.0052231746,0.42019016,0.9746091,-0.0046072276,0.4330429,0.95887035,0.0020842005,0.43360353,0.9480589,-0.0006074839,0.4317127,0.9362915,0.010664753,0.4491073,0.88630414,-0.010046943,0.45111725,0.8445417,0.00079509156,0.47192794,0.8032363,-0.0057542524,0.49154714,0.750504,-0.0073823105,0.54517287,0.6502696,0.0058626663,0.57011855,0.5992888,0.009803301,0.61077714,0.5449447,-0.01401427,0.6914166,0.46745768,-0.011709658,0.77820414,0.4159865,-0.010749417,0.88431436,0.38107267
0.061585463725527125,0.1329810689792037,0.9827,0.9632,4.061578035354614,-0.016383907,0.62710387,3.4645746,-0.052153293,0.57921815,3.762952,0.014948648,0.54958147,3.8731234,-0.0042776344,0.50969577,3.7401724,0.0016997,0.49706843,3.5800607,-0.008571521,0.50232804,3.2162232,-0.00013134588,0.5024309,3.0416863,-0.0067958655,0.49587408,2.78973,-0.01842085,0.47256276,2.6244388,0.009235158,0.4488784,2.4719718,-0.022591257,0.45156017,2.3267455,0.026441643,0.46991533,2.1548228,0.0042325594,0.45255458,2.0888638,-0.008791062,0.45466608,1.984347,-0.009272566,0.44329986,1.8584702,-0.010053017,0.43287393,1.775247,-0.014897337,0.42919698,1.690743,-0.0011777169,0.42641726,1.5591803,0.0084100785,0.4225125,1.5216122,-0.009398669,0.420065,1.4567816,0.017044924,0.43632534,1.4006983,-0.0053148107,0.406929,1.3711585,0.0069820276,0.42467597,1.3199158,0.002130906,0.42124945,1.2913542,0.0010390468,0.42571947,1.2607076,0.004690022,0.44034976,1.1806232,-0.0071395566,0.4436035,1.1367415,0.00092184206,0.44466206,1.1186261,0.0012511642,0.43807963,1.1141062,0.008619922,0.41937432,1.1022556,-0.002852667,0.41099593,1.1065153,-0.012529324,0.42504254,1.0337363,0.0022003585,0.424323,1.0298997,-0.0030566745,0.41419667,1.040452,0.01135928,0.42120242,1.030941,0.0049143466,0.41962197,1.0072484,0.00497548,0.42260033,0.96506923,-0.005059755,0.4347746,0.95052755,0.001949694,0.43448126,0.9429812,-0.0011329714,0.4326457,0.93137413,0.0108179,0.45121866,0.8801097,-0.01012573,0.4527206,0.84074146,0.0004901407,0.47320598,0.80118203,-0.005631575,0.49269783,0.7491859,-0.007843395,0.5466853,0.65063477,0.005541075,0.57183385,0.6000398,0.009570291,0.61183184,0.54602504,-0.0138215255,0.6920066,0.46779183,-0.011867893,0.78055906,0.41480085,-0.010242706,0.88766444,0.37849504
0.05697070107559363,0.14639175316765904,0.9839833333333333,0.9624,3.9844131469726562,-0.016163392,0.6285258,3.2927983,-0.050209932,0.58055484,3.5734937,0.013727845,0.5512041,3.684759,-0.0029449584,0.51164925,3.5483987,0.0029644617,0.49985543,3.3989708,-0.010552766,0.504603,3.0524664,-0.00034568558,0.50472146,2.8770516,-0.0069995625,0.49766442,2.6534498,-0.017344713,0.47550935,2.4964278,0.008268378,0.45155567,2.3610537,-0.021863122,0.45397255,2.2117133,0.025736207,0.47191438,2.0436754,0.005096849,0.4550859,1.9775424,-0.008713126,0.45758083,1.8825023,-0.010237782,0.44578266,1.7619737,-0.010565533,0.43612835,1.6868529,-0.013284361,0.43148786,1.6041136,-0.002160158,0.42865175,1.4822807,0.009011034,0.42549548,1.4444975,-0.010582866,0.42331338,1.3807212,0.015330458,0.4388521,1.3337314,-0.0057943254,0.40874785,1.3070096,0.0072277356,0.42584682,1.2596757,0.0013911405,0.4228982,1.2331665,0.000637783,0.4280494,1.2081028,0.0051398315,0.44283152,1.1325741,-0.007839448,0.4459586,1.091149,0.0007291306,0.44697508,1.0725071,-6.338333e-05,0.44067538,1.0702492,0.009719157,0.4220858,1.0604163,-0.0023690853,0.4137099,1.0629609,-0.013504453,0.4268354,0.993399,0.002046082,0.42609656,0.9911666,-0.0037436946,0.41691726,1.002002,0.012403447,0.42330793,0.99169785,0.0037810132,0.4216776,0.9736686,0.0053776386,0.42434826,0.9350555,-0.0049224924,0.4367929,0.919363,0.0020919493,0.43661606,0.91161245,-0.0013337485,0.4342327,0.8984762,0.010793669,0.4527519,0.85123485,-0.0102497125,0.45303327,0.81495535,-0.0004379172,0.47384238,0.7755931,-0.0055343937,0.49375543,0.72602236,-0.0077170925,0.5484223,0.6301748,0.0050002025,0.5740971,0.5809517,0.010095423,0.61369675,0.52832186,-0.013487704,0.69519407,0.45196524,-0.012478141,0.78454804,0.40048248,-0.009500739,0.8923981,0.36483437
0.05406651485810677,0.11869300073459745,0.9847666666666667,0.9691,4.111867189407349,-0.016144287,0.6312135,3.2203465,-0.04781686,0.58284825,3.5101771,0.014251566,0.5528096,3.6024544,-0.0024713015,0.5137252,3.4706109,0.0036291128,0.5020045,3.3201988,-0.0101026,0.5063292,2.9765995,0.00075522775,0.50620425,2.8203957,-0.0069986735,0.49965942,2.5923152,-0.01655238,0.47651586,2.4282825,0.007901302,0.45291317,2.2848458,-0.02236731,0.45608443,2.1487863,0.024741512,0.4741735,1.988342,0.004475943,0.45699874,1.9256284,-0.0078080967,0.4595292,1.8266524,-0.010536552,0.44766203,1.7090267,-0.010044919,0.43798012,1.6396036,-0.0143730035,0.43376753,1.558702,0.00029727726,0.43103492,1.4418739,0.00853291,0.42722413,1.4102648,-0.009345796,0.42507505,1.3483889,0.017684517,0.44072923,1.2990294,-0.0048852633,0.41075438,1.2721817,0.005702882,0.42768914,1.223658,0.0027176973,0.4250908,1.1982936,0.0009792094,0.43082798,1.1711512,0.004244613,0.4454413,1.1006466,-0.0065570185,0.447788,1.0600488,0.00039757483,0.44932988,1.0423669,0.00027918376,0.44311732,1.0377423,0.00916471,0.4240153,1.0263262,-0.0024712663,0.41546044,1.0248568,-0.013202415,0.42953083,0.96056145,0.002638551,0.42808592,0.9578871,-0.0038021738,0.41860127,0.9681213,0.011579898,0.4258915,0.95913225,0.0048712967,0.42400658,0.93950766,0.004653573,0.426145,0.90303534,-0.004897533,0.4386774,0.8883399,0.0011198402,0.43844825,0.88209724,-0.00055388926,0.4355356,0.87266463,0.010240186,0.4540108,0.82523394,-0.008884143,0.45411298,0.789789,0.0015627032,0.47507754,0.7522518,-0.004699851,0.4956462,0.70371544,-0.008298209,0.5502829,0.6138312,0.0048135356,0.57496965,0.566649,0.008694114,0.6152621,0.5142846,-0.011390624,0.6964252,0.43961748,-0.010334849,0.7865376,0.38891822,-0.009187593,0.8955832,0.35378748
0.054498775893449786,0.16511211706325413,0.9845833333333334,0.955,3.9871249198913574,-0.014314539,0.63349146,3.4300838,-0.051187906,0.58354604,3.7288585,0.01382333,0.55586463,3.8358624,-0.0026912955,0.516389,3.6720772,0.0033065137,0.5043622,3.4942496,-0.010337718,0.51000315,3.1371212,0.00036566576,0.5101731,2.9572208,-0.006195769,0.50356776,2.723154,-0.018154413,0.47992712,2.5475247,0.0070018177,0.456463,2.3960528,-0.02240577,0.45994273,2.247413,0.026182206,0.4783127,2.0707457,0.0032725984,0.46113834,2.002378,-0.008324682,0.46385452,1.8999056,-0.011112267,0.45057946,1.7747201,-0.010309655,0.4408728,1.6989651,-0.013599986,0.4364861,1.615867,-0.0009767733,0.43423977,1.4930612,0.008734006,0.43022913,1.4566927,-0.009877083,0.42809317,1.3935196,0.018206893,0.44399813,1.3422498,-0.005976288,0.41306084,1.3124734,0.006615386,0.4300832,1.2618961,0.0025203112,0.42651653,1.2348543,0.0010886698,0.4320833,1.2061527,0.004523695,0.44721296,1.1313417,-0.007257203,0.44937938,1.0915973,0.0012721737,0.45215657,1.0745369,0.00028779003,0.4450695,1.0725092,0.009039514,0.42610222,1.0616757,-0.0024130181,0.41722882,1.0632998,-0.012862317,0.43101034,0.99362963,0.003115216,0.42949954,0.98974514,-0.0036498774,0.4199761,0.9995469,0.010519838,0.42798853,0.989865,0.004799154,0.4256537,0.97156376,0.0047991844,0.42751893,0.93107885,-0.0061484044,0.43952,0.91692317,0.0009933541,0.43989757,0.90832686,-0.0013800453,0.43688247,0.8964572,0.011253911,0.45530456,0.8497292,-0.009448729,0.45601404,0.81274563,0.0014257327,0.47645074,0.77338696,-0.005579128,0.4957028,0.72397697,-0.008187099,0.5504824,0.6295456,0.0063314643,0.5756371,0.58045924,0.009315855,0.6159215,0.5263384,-0.013307977,0.69766855,0.44943094,-0.0091705425,0.78821677,0.39698255,-0.009661652,0.8972568,0.35922945
0.049796238868931926,0.1036695378780365,0.9859166666666667,0.9734,4.092235088348389,-0.012101152,0.635443,3.1758091,-0.053208504,0.5854083,3.454941,0.013355899,0.5576015,3.5301013,-0.00046509068,0.51815647,3.3835022,0.0032249999,0.50498617,3.223443,-0.009998754,0.51129776,2.8868008,0.0010804523,0.5122574,2.7176647,-0.007069946,0.5060813,2.489725,-0.017200345,0.482876,2.3325403,0.00731703,0.45982352,2.1966188,-0.024102233,0.46324307,2.0625129,0.025096245,0.48225948,1.9059039,0.003786352,0.46534356,1.8463802,-0.0072477735,0.46679488,1.7585208,-0.011165792,0.4531819,1.6484324,-0.011311535,0.44296408,1.581512,-0.015605486,0.43905163,1.5062239,-0.0010922819,0.4359711,1.3928277,0.0087088635,0.43208292,1.3561239,-0.00977651,0.4300348,1.2964824,0.016724337,0.44597575,1.250464,-0.0049359743,0.4152399,1.2246839,0.006321757,0.43268153,1.182521,0.0015452915,0.42863414,1.1595585,0.0017836767,0.43390307,1.1328613,0.0056017647,0.44934475,1.0637864,-0.006284946,0.45160788,1.0266362,0.00066956045,0.45362908,1.0107762,0.0006833616,0.44715205,1.0064086,0.009590924,0.42748502,0.99882156,-0.0022507317,0.418316,1.000726,-0.013392252,0.43191564,0.9344629,0.00200128,0.43116853,0.9343919,-0.004221882,0.42137426,0.9446419,0.011212072,0.42872775,0.93429506,0.004394365,0.4264485,0.91817486,0.00534222,0.42884263,0.8829688,-0.005175312,0.4406026,0.86610645,0.0015212588,0.4400121,0.8572283,-0.0011990538,0.4371098,0.8477014,0.010641094,0.4563504,0.80357504,-0.009677642,0.45687586,0.76914954,0.0016257296,0.47695696,0.7344083,-0.005892878,0.4970453,0.6861203,-0.007914277,0.5520041,0.5969972,0.0062718783,0.5776258,0.54999465,0.009314497,0.61727303,0.49937585,-0.013061288,0.6995821,0.42615938,-0.0100156525,0.7916123,0.3766022,-0.010739551,0.90312105,0.34167975
0.048063478051622706,0.12087744462192059,0.98675,0.9701,3.9806020259857178,-0.013380348,0.63698274,3.2926264,-0.05305979,0.5868429,3.555813,0.014894579,0.558949,3.6207957,3.196742e-05,0.51981544,3.4807756,0.004243825,0.5066147,3.3269143,-0.011137495,0.5125065,2.9801733,0.0009452262,0.51327133,2.8066573,-0.007480665,0.5066763,2.5701988,-0.015707294,0.4832251,2.407563,0.006254227,0.46013168,2.263798,-0.02281561,0.46399006,2.124115,0.02413898,0.48193175,1.9585403,0.0045135645,0.46475732,1.8944597,-0.0069401073,0.46683973,1.7964321,-0.010563311,0.45320284,1.6822851,-0.010282337,0.44282952,1.6101192,-0.014027913,0.4398192,1.5284306,-0.0006816529,0.43686363,1.4099684,0.008234871,0.43343595,1.3790925,-0.009257624,0.431908,1.3168896,0.015769185,0.44764382,1.2675219,-0.003966765,0.41680732,1.2387316,0.0047155777,0.43425462,1.1898334,0.0009787178,0.43079823,1.1628889,0.0012490222,0.4362525,1.1368817,0.0051621324,0.4514807,1.0660181,-0.00565477,0.45334145,1.0254765,-0.00030452653,0.45515233,1.008375,-0.0002431417,0.4489802,1.0081158,0.010408502,0.42864734,0.99934965,-0.0024075974,0.41995522,0.9988322,-0.014178831,0.43354973,0.9357479,0.0019255864,0.43275663,0.9327334,-0.004913719,0.4227958,0.9430491,0.011932482,0.43036363,0.9333065,0.003983105,0.42774555,0.9143978,0.0050705555,0.42955607,0.8790314,-0.0052468367,0.44174948,0.8624222,0.000951873,0.44112355,0.8554387,-0.0006702881,0.43780932,0.84437865,0.010442931,0.45640558,0.79857033,-0.009014878,0.45707452,0.76422834,0.001813587,0.47711173,0.72692347,-0.0053365314,0.4975871,0.6796189,-0.007908803,0.5536327,0.5909303,0.0056398464,0.57918286,0.54463434,0.009232369,0.61888677,0.49479076,-0.01189465,0.70162606,0.4224707,-0.009859836,0.79322535,0.37235266,-0.009658304,0.90630347,0.3368976
0.04584129096120596,0.12277390994019806,0.9864833333333334,0.968,4.092711925506592,-0.015047815,0.6380698,3.3592372,-0.052360293,0.5888219,3.622773,0.013889832,0.56086546,3.684844,-0.0014937985,0.52179337,3.5402637,0.0052023404,0.50928885,3.3705187,-0.009804137,0.51546854,3.0235682,0.0009631221,0.5150857,2.839502,-0.006975406,0.50864744,2.6092632,-0.016247613,0.4852022,2.4443533,0.00647019,0.4614679,2.2963786,-0.022232609,0.46600822,2.1527848,0.024688398,0.4850106,1.987961,0.004008981,0.4672723,1.9277505,-0.0075185215,0.47040874,1.8370234,-0.010811573,0.4550678,1.7220368,-0.010426005,0.44503552,1.6450212,-0.0141731985,0.44171464,1.5609337,-0.0014346379,0.43772653,1.4381272,0.008039814,0.43410233,1.399742,-0.00999894,0.43288788,1.3386953,0.015478617,0.44879806,1.2864288,-0.0045306687,0.41741014,1.2561177,0.0055203717,0.43476164,1.2046064,0.00060881156,0.43097907,1.1791534,0.0015415899,0.4369787,1.152839,0.00509599,0.4526393,1.0795591,-0.006799112,0.45470482,1.0367421,-0.00043277853,0.45604646,1.0184371,-0.00120966,0.45026833,1.0143934,0.01148864,0.42981493,1.0016824,-0.0013630429,0.4211779,1.0000241,-0.014605402,0.435141,0.93611085,0.0021654195,0.4340721,0.9331097,-0.0044842656,0.424241,0.944862,0.012092653,0.4316976,0.93481416,0.004108301,0.42872792,0.9163339,0.0052712876,0.43102622,0.87816757,-0.0057663685,0.44327638,0.8614581,0.0015975302,0.44308832,0.85241467,-0.0012275368,0.43976018,0.8421481,0.010589602,0.45828584,0.79923356,-0.009710737,0.45869523,0.76381755,0.0018504065,0.4781318,0.7272465,-0.0054678326,0.49848494,0.68040586,-0.0076826112,0.5545212,0.58995163,0.005956571,0.5808397,0.5435791,0.009789649,0.62006134,0.49208757,-0.012883231,0.7031906,0.4196524,-0.010419004,0.79576933,0.36975506,-0.009522302,0.90945864,0.33364588
0.04616976298888524,0.12622334430292248,0.9865666666666667,0.9681,3.9768638610839844,-0.014351593,0.64068425,3.5125568,-0.050336234,0.59286535,3.7990248,0.013887599,0.56456023,3.8661273,-0.0012203121,0.5257317,3.7217052,0.005353129,0.5121589,3.5188446,-0.010001269,0.517942,3.1353998,-0.00034545865,0.51786727,2.9524176,-0.008213652,0.5122096,2.7075295,-0.015069336,0.48871452,2.5355034,0.008248234,0.46491498,2.3820214,-0.021292921,0.46890903,2.2418954,0.022932388,0.48843345,2.0747862,0.0044429167,0.47115022,2.0049284,-0.007030262,0.47462788,1.9074116,-0.010286071,0.4582579,1.7859029,-0.01003612,0.44860697,1.6969687,-0.013285301,0.44557464,1.611282,-0.0018770224,0.44215462,1.4810387,0.0075931693,0.43871003,1.4403371,-0.010007094,0.43729976,1.3803535,0.014607225,0.45256412,1.3258715,-0.004072672,0.42032406,1.2894491,0.004884512,0.43846193,1.2406945,0.00038997998,0.43390277,1.211875,0.0011593498,0.43895674,1.1839159,0.005141289,0.45473793,1.106816,-0.006717325,0.45629087,1.0646098,-0.00060493185,0.45767096,1.0448439,-0.0017649822,0.4517573,1.0379335,0.011233902,0.43143553,1.0256099,-0.0016653654,0.4227121,1.0250479,-0.015143896,0.43647912,0.9554741,0.0020800014,0.43547532,0.9516033,-0.0047810962,0.42572832,0.9660906,0.012443295,0.434068,0.9554008,0.0038492829,0.43031225,0.9346208,0.0050291023,0.4324283,0.89292055,-0.005629803,0.4439798,0.8769289,0.0011893525,0.44369665,0.8672774,-0.001219007,0.4402067,0.8541443,0.010716021,0.45895505,0.80623657,-0.009273844,0.45902503,0.7703293,0.0014843208,0.47875077,0.7331021,-0.005448422,0.4989033,0.68536735,-0.0077848826,0.55597997,0.5939498,0.005007834,0.5827104,0.54708594,0.009529303,0.6216628,0.49545366,-0.012039527,0.7047294,0.42121834,-0.010055776,0.7988475,0.37031695,-0.008498951,0.91274095,0.33328855
0.04215745346645514,0.11051613919772207,0.9885166666666667,0.9702,4.096580266952515,-0.014225178,0.64282924,3.2476087,-0.052972574,0.5952163,3.5165288,0.016026288,0.56654096,3.590023,0.0010759365,0.52790797,3.4386828,0.004288819,0.5139196,3.2668712,-0.01012964,0.5193546,2.9308527,5.350442e-05,0.51916057,2.7509916,-0.007996269,0.5142434,2.5178633,-0.016310863,0.4913483,2.3603945,0.008048089,0.4671484,2.216485,-0.022287691,0.4718821,2.0808833,0.023275694,0.49128523,1.9274164,0.0045736064,0.4745464,1.8645346,-0.0067224754,0.47771776,1.7709672,-0.010948449,0.4606682,1.6634979,-0.011046677,0.4504168,1.5841175,-0.015244931,0.44751918,1.5025606,-0.0011448733,0.44352174,1.3821783,0.008214172,0.44020492,1.3470827,-0.011513031,0.43845347,1.287484,0.015616307,0.45359367,1.2354319,-0.004469894,0.42169273,1.203395,0.005903575,0.4398051,1.1559143,0.0015941156,0.43501216,1.1296648,0.0022332247,0.44014302,1.1044638,0.00563045,0.4563673,1.03569,-0.006973743,0.45800716,0.9974049,-0.00050196325,0.45988137,0.9799627,-0.0008814063,0.45376235,0.97387016,0.010866594,0.4333029,0.96144056,-0.0013933036,0.42482355,0.95907265,-0.014948145,0.4379688,0.89777,0.002075925,0.43688467,0.89151627,-0.0037028114,0.42724043,0.9032078,0.012069687,0.436303,0.89318293,0.0044545704,0.43224752,0.87425417,0.0057410705,0.4333534,0.83541167,-0.0047425865,0.44522223,0.8202373,0.0024835942,0.44526982,0.81061745,-0.0014002859,0.44152924,0.80040544,0.01053281,0.45958465,0.7582061,-0.010434046,0.45966175,0.7258911,0.0012067237,0.48017502,0.6891407,-0.006434858,0.49990785,0.64497787,-0.007863121,0.55750954,0.55955464,0.005415274,0.58356017,0.5145779,0.009454803,0.623054,0.46668428,-0.012878837,0.7063808,0.39706656,-0.011521969,0.80006814,0.34957013,-0.009579524,0.91431284,0.31514254
0.04063500377039115,0.1328375998057425,0.9881666666666666,0.9681,3.9895570278167725,-0.016124828,0.64378655,3.2786837,-0.05253657,0.595522,3.531965,0.015848834,0.56857145,3.5790489,0.00011952032,0.5304633,3.4241638,0.0033553296,0.516162,3.2577085,-0.008840445,0.5217152,2.9160657,0.0019311944,0.5217513,2.7342603,-0.0074671204,0.5156839,2.4985783,-0.017197441,0.49279806,2.3412905,0.00923542,0.46795106,2.190896,-0.021714704,0.47308823,2.049228,0.024048632,0.49229458,1.8860478,0.0049467855,0.47557446,1.8151737,-0.0070762644,0.47870037,1.727547,-0.010104908,0.46198103,1.6181601,-0.00953239,0.45280713,1.5475372,-0.014695307,0.44931135,1.4744458,-0.00096215267,0.44488496,1.3554045,0.0073237573,0.4417248,1.3180363,-0.010030889,0.4406533,1.2603397,0.015241385,0.45508617,1.211169,-0.004027264,0.42335162,1.1800983,0.0046791914,0.4413857,1.1308568,0.00094318076,0.43679664,1.104527,0.0012629281,0.44195077,1.0770673,0.004673481,0.45842096,1.0095626,-0.0066644163,0.45981055,0.97341377,-0.000877072,0.46144873,0.95468974,-0.001904278,0.45567235,0.9535636,0.010743082,0.43466687,0.94563866,-0.0019292003,0.42639795,0.9447284,-0.015504457,0.43929386,0.8817521,0.0016744968,0.43876415,0.87808037,-0.004591356,0.4289988,0.8886506,0.012985866,0.43775436,0.8800843,0.0043451567,0.43389636,0.8643134,0.00500278,0.43532807,0.826631,-0.0051894053,0.44704294,0.81153744,0.0010582431,0.4467248,0.8038693,-0.0015332063,0.4421471,0.7925482,0.010934652,0.46098605,0.7507595,-0.00922988,0.4606896,0.7185725,0.0008938089,0.48144823,0.6839084,-0.005014361,0.50124955,0.63901633,-0.008427134,0.55889744,0.55581224,0.0044127502,0.5846395,0.5125535,0.009015864,0.624206,0.46480632,-0.011716422,0.70728344,0.3953916,-0.010120961,0.80174154,0.34716728,-0.007393684,0.91713893,0.31231603
0.03962534406681856,0.12979559369571508,0.9889333333333333,0.9684,4.089725017547607,-0.017002104,0.643899,3.2646358,-0.049539737,0.5971362,3.5088224,0.01620344,0.57115054,3.5432289,0.0003282806,0.5329069,3.3818598,0.0036562064,0.51834184,3.206138,-0.007937983,0.52508336,2.8702028,0.003083429,0.52555555,2.6951246,-0.0062490287,0.5191305,2.475327,-0.01653867,0.49605274,2.3166873,0.007967049,0.47103035,2.1729467,-0.023166362,0.47552222,2.039776,0.023159213,0.49449444,1.8869232,0.0050426275,0.47781253,1.817547,-0.0071263234,0.48043457,1.7209314,-0.010683553,0.46432313,1.6106088,-0.01005554,0.4553564,1.5386652,-0.015956143,0.45164967,1.4647535,-0.0007717452,0.44769222,1.3496995,0.007415161,0.4440507,1.3105638,-0.0104822405,0.44271773,1.254339,0.014471318,0.45702925,1.2064421,-0.004491596,0.424916,1.1756198,0.005215943,0.44273025,1.1326216,6.365279e-05,0.43851256,1.1019089,0.0014677016,0.4432459,1.0777845,0.005542795,0.45962122,1.0088803,-0.0068340083,0.46100384,0.9724274,-0.00029757962,0.46325466,0.9536391,-0.0015548618,0.4571193,0.950261,0.010649334,0.43608454,0.9402775,-0.0019904817,0.42781305,0.9396528,-0.0155277485,0.44081092,0.874947,0.0005665074,0.43968847,0.8711629,-0.0047942903,0.4298391,0.8806887,0.0134130595,0.43945014,0.8702879,0.0038465576,0.43507758,0.85257345,0.005868567,0.43629843,0.8188265,-0.0045637772,0.4471641,0.8030773,0.0015896955,0.44666317,0.79546285,-0.0023316117,0.44268924,0.7812339,0.011759563,0.4614784,0.74092275,-0.010074344,0.46166095,0.7085797,-0.00082373957,0.48204923,0.67441756,-0.006672437,0.5021757,0.6304535,-0.0072812843,0.55940896,0.54829574,0.005841641,0.58517313,0.5057046,0.009930672,0.62522066,0.45750204,-0.013776244,0.70924866,0.38857284,-0.009353798,0.8038676,0.3416635,-0.00933605,0.9203762,0.30690053
0.03610873055855433,0.11271960722580553,0.9896666666666667,0.971,3.980224847793579,-0.018856568,0.64569676,3.039804,-0.048083305,0.5994483,3.2975173,0.016883215,0.5727793,3.3376334,-0.0008570852,0.5335117,3.2015228,0.0037664194,0.5203223,3.0432446,-0.0090697985,0.5267702,2.7190745,0.0015006696,0.5272506,2.5579965,-0.006312506,0.520307,2.3475049,-0.016418854,0.4972853,2.1974714,0.007522503,0.4724305,2.0522556,-0.022850057,0.47638094,1.9217134,0.02387734,0.49503958,1.7737397,0.004139771,0.4781398,1.7146893,-0.006762416,0.48162952,1.6308674,-0.01092151,0.46490714,1.5261037,-0.010544207,0.45612538,1.4613856,-0.0155442245,0.45307884,1.3925425,-0.0006699286,0.44868737,1.2809671,0.007590109,0.4450896,1.2448362,-0.010326897,0.44319957,1.1914433,0.014395066,0.45752838,1.1421175,-0.0038980779,0.42608783,1.1128764,0.0049406067,0.4436885,1.0670977,0.00050072855,0.43947607,1.0426358,0.0019780959,0.44517183,1.0139039,0.0058330344,0.46173558,0.952191,-0.0065867254,0.46321666,0.9153225,-0.0005743475,0.46423718,0.8991718,-0.0013537526,0.45927194,0.89517295,0.010621437,0.43784136,0.8850468,-0.0019510298,0.4296891,0.8841792,-0.015270975,0.4426603,0.8263857,0.00049535284,0.4408008,0.82499886,-0.0045270384,0.430832,0.8352987,0.013202245,0.44120717,0.82711226,0.0039374074,0.43693024,0.81025934,0.0058022067,0.4378234,0.7784619,-0.003986633,0.44870764,0.7642034,0.0019038605,0.44837394,0.758249,-0.00171339,0.44400457,0.7491893,0.011118,0.4629225,0.71024,-0.009852505,0.46240917,0.6784613,-0.00012495913,0.48285663,0.64542127,-0.006353374,0.5034884,0.6024191,-0.0074983956,0.5613331,0.52409583,0.0052140257,0.58688885,0.482791,0.009719578,0.6263164,0.43651727,-0.012894554,0.7102541,0.3705704,-0.010261482,0.8065083,0.32518554,-0.009084878,0.9239427,0.29161233
0.036263052469491956,0.12433749435096979,0.9894166666666667,0.9695,4.0771167278289795,-0.01780387,0.6470437,3.3358011,-0.04819223,0.6009415,3.5715277,0.015765255,0.5740744,3.6010149,-0.0007312794,0.5352778,3.436749,0.0016939606,0.5221069,3.2575064,-0.009469874,0.5288315,2.9034746,-0.00017777883,0.5295585,2.7155275,-0.006415439,0.5229138,2.4779296,-0.017428493,0.49995074,2.311431,0.0073108496,0.4745423,2.1583016,-0.022893026,0.47892943,2.0230424,0.023030864,0.49807498,1.8630663,0.00390532,0.48076716,1.7986805,-0.006949706,0.48349628,1.7022148,-0.010226215,0.4666464,1.5962701,-0.0102352295,0.45850328,1.5254173,-0.015527241,0.45539355,1.4486374,-0.00032239952,0.45036396,1.3320024,0.007415836,0.44594,1.2949477,-0.009785708,0.44500923,1.239528,0.014863801,0.4595189,1.189504,-0.0031458796,0.42816657,1.1555281,0.004046618,0.44549352,1.1097018,0.0010866997,0.44102338,1.0795242,0.0020294532,0.44677663,1.050806,0.005342375,0.46368572,0.9837438,-0.006304602,0.46421823,0.94659525,-0.0012521582,0.46564963,0.9270167,-0.0010821183,0.46003458,0.92248476,0.010696967,0.43847033,0.9121191,-0.0021293475,0.43031743,0.9109475,-0.015406506,0.4435097,0.8496047,0.00042391804,0.4419407,0.8456224,-0.0046100463,0.43206385,0.8569297,0.013402454,0.442346,0.84653527,0.004229972,0.43731055,0.8296434,0.0052730376,0.4381879,0.7954066,-0.0037951425,0.4500498,0.78051037,0.0017039509,0.44972593,0.7725223,-0.0014525297,0.4448199,0.7638661,0.010797411,0.46361336,0.7235515,-0.009374987,0.46270892,0.69206,0.001062286,0.48315197,0.6569443,-0.005724031,0.504114,0.6126215,-0.007978782,0.5603941,0.5329458,0.0051318174,0.5869098,0.49149576,0.008970246,0.6265568,0.44440004,-0.012155072,0.7114659,0.3767394,-0.009113582,0.80674297,0.33042186,-0.008897841,0.92437786,0.29579487
0.033179405308266484,0.12234499928578735,0.9904333333333334,0.9717,3.971518039703369,-0.018182416,0.64774823,3.0752568,-0.050131604,0.60279,3.30147,0.016644897,0.57765275,3.3281422,-0.00057975674,0.53922,3.1855958,0.0018537705,0.52616596,3.0248919,-0.010503463,0.53153515,2.7030475,0.00026691455,0.53119624,2.527654,-0.006640426,0.5244031,2.3123507,-0.016936399,0.5009509,2.161332,0.007295166,0.47576293,2.0221882,-0.023575487,0.4807866,1.8877785,0.023267554,0.5001104,1.7375947,0.004678208,0.48331898,1.6777172,-0.0071910378,0.48646975,1.593577,-0.01173875,0.46997568,1.4948659,-0.010949284,0.46104166,1.4315165,-0.015738633,0.45747602,1.3625363,4.9825197e-05,0.45274553,1.2562362,0.0070186155,0.44852388,1.2182778,-0.009339334,0.44731814,1.1651202,0.015000131,0.4623453,1.1148499,-0.0033432296,0.43093017,1.0836807,0.0040424718,0.44819087,1.0402399,0.00144069,0.44305912,1.0169905,0.0020510142,0.44916365,0.988088,0.0053561227,0.46559379,0.92892224,-0.0053617526,0.46636182,0.89204067,-0.00038557957,0.46739405,0.87358624,-0.0009569893,0.46233812,0.8705164,0.009839323,0.44045025,0.862435,-0.002416637,0.4319849,0.856169,-0.015400042,0.444974,0.79700047,0.0006140047,0.44335508,0.79533666,-0.0039248513,0.43461448,0.8063065,0.012699925,0.44435486,0.7959407,0.004208637,0.43913424,0.7816542,0.005185996,0.43969345,0.7506065,-0.0038538456,0.45211098,0.7352774,0.0013864808,0.45110503,0.72777194,-0.0015551553,0.44626337,0.71672493,0.0105502205,0.46428844,0.67814547,-0.009026587,0.46357903,0.6492487,0.0003487244,0.4845754,0.6191948,-0.0056343097,0.5048166,0.57796925,-0.008682595,0.5633731,0.5023624,0.0041778763,0.5891008,0.46424606,0.008353695,0.62943196,0.4203809,-0.0114288945,0.71351653,0.35745353,-0.009302307,0.8097053,0.31330594,-0.008545311,0.92755634,0.28022194
0.031156251052518687,0.10237568908426911,0.9912333333333333,0.975,4.091036319732666,-0.018628297,0.6492376,2.934029,-0.05048188,0.6053112,3.137062,0.01636279,0.57882035,3.1618924,-0.0021148014,0.54005915,3.0199575,0.0035438985,0.5268353,2.8674808,-0.009035839,0.5321254,2.5582418,-1.3256287e-05,0.53136086,2.4032013,-0.0068911705,0.52481484,2.201565,-0.017027672,0.502075,2.0579882,0.00794242,0.4769388,1.9308686,-0.022703711,0.48194516,1.8149246,0.023700632,0.5014652,1.672838,0.004297525,0.48490435,1.6236402,-0.008420265,0.4879073,1.5419246,-0.0120204305,0.47098982,1.4437176,-0.011376114,0.46131992,1.379826,-0.014828249,0.45793727,1.3067292,-0.0018757422,0.45376384,1.2026937,0.0065364693,0.44947731,1.1737059,-0.010698666,0.4484481,1.1204458,0.014202997,0.46329936,1.0732139,-0.0044311984,0.43166128,1.0436741,0.004815514,0.44923154,1.0029477,0.000634291,0.4438134,0.97922444,0.0017212747,0.45024344,0.9556895,0.005721334,0.46647814,0.8935453,-0.005923734,0.46758485,0.85882986,-0.0002602402,0.46887982,0.84465975,-0.0010960534,0.4632653,0.8369378,0.010499997,0.44111958,0.82748353,-0.0021977285,0.43254754,0.8239016,-0.015446683,0.4458019,0.7707182,0.0008229727,0.44425273,0.7693447,-0.004243107,0.43509322,0.7796472,0.012392424,0.44461367,0.77375543,0.003648742,0.43984097,0.757568,0.0052542645,0.44093055,0.72389555,-0.0047587017,0.45282963,0.7139943,0.0011336099,0.45157564,0.70317805,-0.0018225436,0.4470076,0.6950797,0.010855077,0.46604434,0.6579979,-0.009491921,0.465232,0.6302843,0.00082625926,0.4848786,0.60036296,-0.0059707165,0.505272,0.561306,-0.008751331,0.56407565,0.48860154,0.0051333057,0.5906277,0.4494101,0.008934575,0.6303305,0.40639022,-0.0119993035,0.7150377,0.3452583,-0.008497607,0.8119681,0.30252227,-0.008717767,0.9307863,0.27125242
0.030784829391539096,0.12064850352555513,0.99115,0.9699,3.9828648567199707,-0.018390393,0.6495895,3.1977966,-0.048974954,0.60575724,3.4255843,0.014285221,0.5799599,3.456195,-0.0006945768,0.54266715,3.305349,0.0035728826,0.5294005,3.1302893,-0.011903983,0.534152,2.8063474,-0.00033807984,0.53357744,2.623309,-0.007338795,0.52598697,2.411077,-0.015491279,0.50307035,2.2576537,0.008190894,0.4788268,2.1053398,-0.022610923,0.48367736,1.9662925,0.022868047,0.50245255,1.8071967,0.004984985,0.48633653,1.7399682,-0.0074207843,0.48965958,1.6527303,-0.012435228,0.4719982,1.5456975,-0.011250228,0.46246588,1.4729142,-0.0148732355,0.459203,1.4078689,-0.0001338451,0.45469326,1.2957976,0.0073294705,0.45069945,1.2490337,-0.009801101,0.45037284,1.1914517,0.015364875,0.46517643,1.1404171,-0.003875746,0.43333778,1.1053367,0.004333219,0.45091927,1.0614842,0.0017534526,0.4455932,1.0324061,0.0021020358,0.450878,1.0054439,0.005461505,0.4677541,0.93911636,-0.0053108167,0.46912968,0.902577,2.7385306e-05,0.4703992,0.8851761,-0.00068307336,0.465074,0.88179654,0.009791689,0.44267496,0.8725329,-0.002330587,0.43387806,0.86897933,-0.015322101,0.44707105,0.80950826,0.00067925674,0.44501162,0.8042692,-0.0037590747,0.43623763,0.8122595,0.012239279,0.4460386,0.80407816,0.004211844,0.44130903,0.7870018,0.005309508,0.44242728,0.7548865,-0.004206163,0.45401403,0.73938215,0.0012811683,0.45277944,0.7312042,-0.0017774671,0.4479304,0.71698165,0.010828481,0.46658963,0.6788177,-0.009508279,0.46531132,0.6505225,0.00054860243,0.48542163,0.6195193,-0.0066096853,0.5060689,0.5779189,-0.008964853,0.56620663,0.5020844,0.004911189,0.5923502,0.4617817,0.008248899,0.6315122,0.41714624,-0.011842112,0.7157135,0.35348186,-0.008207718,0.81354344,0.30836743,-0.00997175,0.93258727,0.2747553
0.027951835990821322,0.1196779284466058,0.9920333333333333,0.974,4.075802803039551,-0.020100838,0.6507043,2.9050727,-0.05067415,0.60585785,3.1196184,0.01613727,0.58082247,3.1326866,0.00095194473,0.54380035,2.99751,0.0030494968,0.5301062,2.8344085,-0.01208172,0.5347959,2.5266702,0.00064883294,0.53453016,2.3637815,-0.007395519,0.5277164,2.1659513,-0.015693547,0.50430536,2.0185223,0.007790763,0.47914964,1.890181,-0.021966996,0.48341027,1.7678012,0.02284666,0.50260085,1.6244326,0.0049566193,0.48613745,1.5730922,-0.007923165,0.49039894,1.4899545,-0.010917989,0.4726276,1.3917606,-0.010227618,0.4639883,1.3348804,-0.013638973,0.46193865,1.2635554,0.00020444873,0.45760334,1.1673806,0.0075716344,0.45442045,1.135658,-0.009522318,0.45356867,1.0837575,0.014694871,0.4682029,1.0382235,-0.0038991172,0.43544552,1.0071855,0.0038079794,0.4530058,0.9655679,0.0012965011,0.4474346,0.9445924,0.0019519854,0.45385394,0.9217304,0.0049350173,0.4705815,0.8637506,-0.0050688335,0.47164905,0.8259375,-0.000597302,0.47228423,0.81206185,-0.0018806303,0.46814772,0.80630994,0.011149582,0.44498858,0.796507,-0.0018494915,0.43569332,0.7875499,-0.016407283,0.44938642,0.7380791,0.0007952954,0.44692156,0.7366513,-0.0040601,0.43773878,0.746201,0.013472006,0.44806707,0.7374642,0.0040014987,0.44284517,0.72045094,0.005379812,0.44406626,0.6914504,-0.003891463,0.45590585,0.6808155,0.0017386188,0.45361608,0.6718002,-0.0014323957,0.4489116,0.6630115,0.010302589,0.46811262,0.6271966,-0.009480952,0.46709007,0.5995323,0.0008559606,0.4862271,0.5715964,-0.005875881,0.5082969,0.5340874,-0.008218906,0.5677236,0.46389118,0.0036622582,0.59403974,0.42727482,0.00895892,0.63385534,0.3855273,-0.011075216,0.7197668,0.3280838,-0.009613673,0.8172705,0.28792894,-0.007999053,0.93816465,0.25755498
0.02756607887558639,0.12150490750148893,0.9927,0.9718,3.964940071105957,-0.02127838,0.65254873,2.9617107,-0.049682602,0.6072605,3.187972,0.016024144,0.58241475,3.232834,-0.0008339621,0.5442234,3.0866625,-3.9278442e-05,0.53032434,2.912768,-0.010569158,0.53534156,2.596555,0.00014075317,0.53492993,2.4288747,-0.00824648,0.5294468,2.2153237,-0.017481238,0.5056231,2.066633,0.008017321,0.48103067,1.9358201,-0.02133298,0.484782,1.8093158,0.02518268,0.50440896,1.6604098,0.0046049734,0.48783907,1.6007371,-0.0081781875,0.49207458,1.5197644,-0.010213705,0.47468033,1.4233655,-0.009802259,0.46563646,1.3630399,-0.012790518,0.4634149,1.2949641,-0.00026230366,0.45874718,1.1898663,0.0074863466,0.45469606,1.1575832,-0.0088179875,0.4539095,1.106388,0.015107371,0.4689234,1.0567404,-0.00421307,0.43603,1.0225586,0.0041548293,0.45390666,0.9782924,0.001116157,0.4482919,0.9515318,0.0018887756,0.45488298,0.9231747,0.0050906143,0.47177276,0.8619624,-0.0052711526,0.4729635,0.82525694,-0.00026981815,0.47365534,0.8083738,-0.0016549494,0.46924964,0.8062984,0.010911731,0.44622898,0.7969972,-0.00213538,0.43693194,0.78905267,-0.015834251,0.4509102,0.7353035,0.00068078376,0.4480829,0.73231167,-0.004515729,0.43864515,0.740525,0.012925271,0.44931105,0.73256737,0.0039942916,0.44411135,0.7148078,0.005472222,0.44546756,0.68585664,-0.0041523566,0.45698702,0.67294985,0.0012290631,0.45408854,0.6653088,-0.0012615833,0.44912964,0.658353,0.01073,0.46859694,0.62318325,-0.00929234,0.46735093,0.59633756,0.0014201595,0.4867573,0.56487536,-0.00614275,0.5091145,0.5260648,-0.008330634,0.56857526,0.45904627,0.0050301393,0.5957422,0.42236918,0.008713837,0.63521355,0.38179344,-0.011413253,0.72127014,0.323876,-0.007871457,0.8196686,0.28359064,-0.008963596,0.94170785,0.25269282
0.027423578847696382,0.11037697996869683,0.9924333333333333,0.9727,4.076168060302734,-0.019828437,0.6538574,2.991849,-0.049940865,0.6078285,3.190643,0.01596619,0.58410656,3.1949959,0.0009970802,0.5459757,3.0455399,0.002623312,0.53122044,2.9091313,-0.011755378,0.53755295,2.5950603,-7.8069694e-05,0.53742015,2.4147983,-0.0065791546,0.5326484,2.2085576,-0.017231349,0.50905806,2.0457072,0.0073296614,0.48353785,1.912866,-0.022505734,0.4874295,1.7840275,0.023869094,0.50700194,1.6406485,0.0052048434,0.49095404,1.5811789,-0.007986165,0.49436426,1.511494,-0.010681206,0.47700918,1.420358,-0.009634564,0.4679202,1.3558753,-0.013119509,0.46504086,1.2877146,-6.27976e-05,0.46045843,1.1804442,0.007956149,0.4566113,1.1431717,-0.009583655,0.45638755,1.0900661,0.015220323,0.47126397,1.0444753,-0.0044213813,0.4376703,1.0139815,0.0042769834,0.45568633,0.9690977,0.0012917578,0.4500803,0.94701976,0.0016566579,0.45652777,0.919018,0.0051751053,0.47322774,0.8602697,-0.0055438336,0.47452813,0.8278745,-0.00032631776,0.47438025,0.8097147,-0.0017044,0.4703065,0.80697685,0.01075681,0.44737774,0.798565,-0.0024294143,0.43815738,0.7924348,-0.01579706,0.45217583,0.7414783,0.0006116081,0.44979396,0.73924273,-0.00411941,0.4411731,0.7481669,0.013214031,0.4510227,0.73978734,0.0042269565,0.44540566,0.72497404,0.005560128,0.44597042,0.69612247,-0.0039118547,0.4576913,0.6785524,0.00161881,0.45516765,0.6696335,-0.0015117886,0.4502156,0.66212124,0.011120895,0.46970516,0.6290191,-0.0098890895,0.4679564,0.6014111,0.0011319059,0.48777765,0.5704024,-0.006547198,0.5091399,0.53149223,-0.008809272,0.5694674,0.4617776,0.0051679155,0.5968485,0.4250686,0.008566093,0.6368518,0.3833875,-0.012063343,0.72303194,0.32535237,-0.008328543,0.8218249,0.2843718,-0.009376147,0.94380295,0.25401893
0.02528041267345349,0.12969919986799358,0.9930166666666667,0.9672,3.9870448112487793,-0.019698873,0.6543,3.0700939,-0.049750503,0.60861546,3.2765903,0.014991343,0.5869102,3.2649846,0.0011658998,0.5478534,3.1022334,0.0041955225,0.5327206,2.9303088,-0.012220769,0.5385081,2.6090379,0.0008104283,0.5376191,2.4208252,-0.0076752617,0.53168404,2.2152972,-0.018299855,0.50893193,2.0524347,0.007838297,0.48352286,1.9118706,-0.0206732,0.48794746,1.7761893,0.02703986,0.5080558,1.6294253,0.005659999,0.49254137,1.5715351,-0.009044533,0.4963266,1.5007634,-0.010519719,0.47872153,1.4047015,-0.00912675,0.46966746,1.3395517,-0.0121110575,0.46594885,1.2726737,-0.001557457,0.46119818,1.1679244,0.007738359,0.4570063,1.1245481,-0.010087488,0.4564036,1.0732245,0.0160497,0.47097477,1.0276252,-0.0063825776,0.43758845,0.9942271,0.0053119566,0.45573708,0.94889265,0.0012884684,0.45100054,0.92406875,0.0012979812,0.45702106,0.89737344,0.005139474,0.47402394,0.8385609,-0.0068873027,0.47509503,0.8044943,0.00054536917,0.4760685,0.788032,-0.0024777967,0.47179547,0.7869873,0.010944636,0.44869733,0.77785754,-0.0022604144,0.43966204,0.7733142,-0.015615242,0.45318264,0.72299474,0.0011215616,0.45047033,0.72116077,-0.003961283,0.44171688,0.7306344,0.012495488,0.4524035,0.7224636,0.0040451013,0.44703308,0.70709306,0.0054511735,0.44739956,0.6791756,-0.005090044,0.458989,0.66319627,0.0011428145,0.45631337,0.655261,-0.0019973065,0.45079157,0.6451944,0.011624692,0.47037485,0.6122674,-0.01006233,0.4688444,0.5855617,0.0009100288,0.48854792,0.55801266,-0.0065020337,0.5097429,0.5212543,-0.009041647,0.57038194,0.4500733,0.005545861,0.597226,0.4149426,0.0087667545,0.6377641,0.37395772,-0.012446289,0.7234194,0.3170093,-0.0078007113,0.8217413,0.27717403,-0.008683418,0.9453203,0.24652903
0.02590542848780751,0.12395258921626955,0.9931,0.9722,4.092714071273804,-0.02042497,0.6559287,2.9986699,-0.04884501,0.61012155,3.2033584,0.016102953,0.5877372,3.2104282,-0.00028060764,0.5491275,3.0524554,0.0031815337,0.53457206,2.8764117,-0.009906531,0.54095644,2.5478995,0.0008415958,0.5406461,2.3845992,-0.008798776,0.53397185,2.1752324,-0.017863944,0.51129824,2.0376768,0.008383366,0.48568684,1.9047414,-0.020654008,0.48999202,1.7793814,0.025205646,0.5100179,1.6344906,0.0046958327,0.4942641,1.5724344,-0.0077780387,0.49836972,1.4911723,-0.01016065,0.48016116,1.3954958,-0.009197996,0.47072554,1.3294994,-0.012945682,0.4673491,1.2642322,-0.001450093,0.46254444,1.1588496,0.0071945773,0.4580198,1.1251916,-0.0095482245,0.45786536,1.0781229,0.013566423,0.47230393,1.0327083,-0.0045766695,0.4386014,1.0016034,0.0040547443,0.45627627,0.9607559,0.00022648304,0.45194906,0.93426853,0.0013388019,0.4579266,0.9054451,0.005282256,0.47558635,0.843675,-0.00636512,0.4767228,0.81171495,-0.0016062291,0.47749287,0.79348224,-0.0027216321,0.47326896,0.78980136,0.012367232,0.44994593,0.78207505,-0.0016740228,0.44077265,0.7773366,-0.016460039,0.45408472,0.720397,0.0010410501,0.4512572,0.71469116,-0.005032619,0.44268152,0.7213079,0.014189413,0.45320705,0.7150065,0.0038416614,0.44767463,0.69963795,0.0054579354,0.44776446,0.66797274,-0.004357246,0.45956647,0.65599954,0.0016748806,0.4565997,0.6483043,-0.00096654566,0.45176515,0.6388001,0.010488281,0.4706553,0.60019636,-0.009707937,0.46930623,0.5749133,0.0026115377,0.48903814,0.5466347,-0.0055471906,0.510732,0.51086015,-0.008633637,0.57099867,0.44509462,0.0044708042,0.5979181,0.41078568,0.008742945,0.6384929,0.37120834,-0.010967546,0.7244829,0.3143749,-0.009280489,0.82334566,0.2746993,-0.008168976,0.94663304,0.24455263
0.02442043876449267,0.12196813744045794,0.9936,0.9714,3.991586685180664,-0.02114479,0.65584546,3.0849586,-0.04780139,0.61097246,3.3034942,0.016238345,0.5890817,3.3110607,-0.0002714137,0.551282,3.1636732,0.0026770788,0.53667384,2.9702907,-0.012160118,0.5430753,2.632005,0.00060052227,0.54241693,2.4479218,-0.008729574,0.5369504,2.2272003,-0.016195167,0.51484305,2.0647163,0.00782463,0.48873764,1.9263135,-0.022999374,0.49301398,1.7992232,0.02390543,0.51317525,1.6538016,0.005699868,0.49744877,1.5920242,-0.008041973,0.5001796,1.5091099,-0.013195156,0.4828,1.4134403,-0.0105340155,0.47393706,1.3476272,-0.014865308,0.47099113,1.2787508,-0.00077931513,0.46624506,1.1752062,0.0072393576,0.46101162,1.1431701,-0.010876287,0.4605034,1.0944965,0.012657936,0.4743064,1.0467517,-0.0044876593,0.44059515,1.0090798,0.0043831966,0.45840725,0.9630932,5.9761183e-05,0.45401087,0.9360098,0.0018279641,0.45956245,0.9058615,0.005790522,0.47708517,0.8461886,-0.0061368225,0.4779852,0.8097444,-0.0015060487,0.479104,0.78979284,-0.0025039318,0.4740241,0.7861726,0.0124975145,0.44999033,0.77385587,-0.0017762122,0.4413042,0.7655841,-0.01723962,0.45510063,0.7159552,0.00048397173,0.45220515,0.7122341,-0.0044421726,0.44296217,0.71979415,0.015080383,0.4542069,0.70897293,0.003998678,0.44819045,0.691791,0.006187162,0.44840336,0.661397,-0.0035228725,0.45946446,0.6460209,0.0028448456,0.45731637,0.63828945,-0.0013729768,0.45251697,0.6315585,0.010725321,0.47144532,0.59635794,-0.010747495,0.46952996,0.56919307,0.001522442,0.48974228,0.53913885,-0.006439858,0.51170737,0.50259066,-0.0082083745,0.5716298,0.4360215,0.0042947633,0.5988522,0.40194374,0.00929828,0.63924474,0.36214626,-0.01173232,0.7256008,0.3069337,-0.0106380815,0.824851,0.26717803,-0.00854366,0.9485067,0.23741767
0.023968038518726826,0.1269916968625039,0.99365,0.9704,4.096299171447754,-0.019637257,0.6572111,2.9496639,-0.047946624,0.61161864,3.1428216,0.016037822,0.5906357,3.118239,-0.0008219166,0.55324924,2.9571655,0.000921469,0.53951824,2.7898521,-0.009680961,0.5462281,2.4926865,0.0010907007,0.5466423,2.3281078,-0.008751763,0.5406935,2.1382108,-0.017046088,0.5178088,1.9869701,0.0087124575,0.4914672,1.8517514,-0.021370761,0.49497968,1.7296793,0.024083687,0.51440936,1.5812632,0.0053814813,0.49898145,1.521477,-0.008395328,0.50186646,1.4456409,-0.010989167,0.48362365,1.3553485,-0.010181783,0.47485733,1.2894677,-0.013110186,0.4721465,1.2283678,-0.0008268991,0.46684685,1.1303833,0.0073063592,0.46277273,1.0884703,-0.009622706,0.46268064,1.0414568,0.013814836,0.47662625,0.9953596,-0.004368705,0.44281945,0.96165717,0.00456253,0.46138418,0.9165734,0.0008123714,0.45619395,0.89179623,0.0015588254,0.46137282,0.8661506,0.004876157,0.47913113,0.8091592,-0.0064010643,0.48029232,0.7808171,-0.000993323,0.48112294,0.7627258,-0.002753119,0.4760921,0.7586423,0.011738501,0.45187968,0.7499805,-0.0016412737,0.4426872,0.7477443,-0.01684383,0.457432,0.6967564,0.000888547,0.45405567,0.69385993,-0.0036630747,0.4447897,0.7003341,0.014371438,0.4562081,0.6911051,0.004210909,0.45007035,0.6775561,0.005700153,0.45049322,0.6498007,-0.003933605,0.4611005,0.63597965,0.0024397878,0.4581505,0.626845,-0.0021502923,0.45353615,0.61634827,0.01101852,0.47275,0.5856917,-0.01107057,0.47108427,0.5607613,0.0008222567,0.4906272,0.53351885,-0.0070451843,0.5128031,0.49874002,-0.008445505,0.57225364,0.43261778,0.004479039,0.5993843,0.39820716,0.009326802,0.6406578,0.3586237,-0.012781996,0.7273759,0.30393192,-0.009648689,0.82654583,0.2656878,-0.008833086,0.9505123,0.23618063
0.02363262261636555,0.11928032673951239,0.9938,0.9712,3.9859867095947266,-0.020199917,0.6587333,2.9983788,-0.049120687,0.6137625,3.1898558,0.01596234,0.59218097,3.1810875,0.0012848107,0.5536893,3.0195262,-0.0007600523,0.54035425,2.8536952,-0.0085760495,0.5466406,2.5355544,0.0027629125,0.54700255,2.3495333,-0.007978251,0.5407394,2.1328516,-0.018798612,0.5178032,1.988643,0.008594738,0.4917387,1.8586049,-0.021323496,0.49573973,1.7286785,0.025568996,0.5151566,1.5778499,0.004629212,0.49964058,1.5189707,-0.008715974,0.50300074,1.4451755,-0.01159957,0.48526227,1.3534092,-0.010360708,0.47496247,1.2864224,-0.013345606,0.47199038,1.2211955,-0.001150926,0.4666558,1.1172154,0.007368194,0.4620596,1.0757316,-0.009837227,0.4618741,1.0286406,0.014894657,0.4753115,0.9851165,-0.005137236,0.44220144,0.9545725,0.0049703796,0.46055928,0.91034675,0.0010712179,0.45582926,0.8848047,0.001818251,0.46182305,0.8606964,0.005011914,0.47947872,0.80318063,-0.0065422324,0.4800539,0.77225065,-0.000701657,0.4807538,0.7548285,-0.0022875045,0.47634664,0.7502561,0.01127877,0.4523523,0.7418801,-0.0019450976,0.44359,0.74101156,-0.016392434,0.4571595,0.69033253,0.0012945733,0.45408607,0.68598956,-0.0039774324,0.44527304,0.6949834,0.013434677,0.45649993,0.68609244,0.0042541865,0.45048517,0.66950625,0.0057336064,0.45030594,0.6400215,-0.0047316267,0.46159312,0.62738854,0.0017061261,0.4593403,0.6197301,-0.0020116249,0.4542216,0.6101634,0.011492642,0.47247154,0.5777105,-0.010562356,0.47095892,0.55429906,0.0011754668,0.4914814,0.5272058,-0.0070087253,0.5131223,0.49089462,-0.009357514,0.57371354,0.42632842,0.0050112754,0.59979063,0.39199194,0.0085693225,0.6409231,0.35430253,-0.012336138,0.7269999,0.30002832,-0.00831413,0.8263486,0.2624806,-0.0090937205,0.9511551,0.23322438
0.022289988803118468,0.11567362935561687,0.9941333333333333,0.9737,4.099836111068726,-0.01886476,0.65994143,2.9526942,-0.047938004,0.61566085,3.1215808,0.015606539,0.5934172,3.100923,0.0019982234,0.5549892,2.9482603,0.00061662943,0.54026926,2.7767313,-0.008768128,0.5472426,2.4778028,0.001315644,0.5474961,2.304947,-0.008368188,0.54178315,2.1027095,-0.01885684,0.5187491,1.961537,0.0078067416,0.49308345,1.8160752,-0.022038158,0.49765718,1.691779,0.024118198,0.51671565,1.545629,0.004951119,0.50148827,1.4886318,-0.008132504,0.50392526,1.4157866,-0.011730656,0.48630556,1.3298191,-0.00998688,0.47602773,1.2634857,-0.013538305,0.47235265,1.2049017,-0.00096403353,0.46707496,1.1050802,0.0067931996,0.46197292,1.0634608,-0.008836876,0.46173185,1.0175653,0.013870796,0.4754758,0.97136843,-0.003841722,0.44333208,0.94223773,0.0038799085,0.46160036,0.89804643,0.00045602105,0.45706487,0.87716156,0.0015729645,0.4633783,0.8509739,0.00517382,0.48061016,0.8008136,-0.0054763034,0.4807688,0.7695479,-0.0015784827,0.48146203,0.75139844,-0.0020166156,0.4768511,0.74768615,0.01114176,0.45272768,0.7352142,-0.0024641503,0.4443043,0.7305337,-0.016454872,0.45786577,0.6826188,0.000786163,0.45564994,0.68062407,-0.0051446944,0.44650102,0.6864356,0.013576082,0.45721328,0.6770187,0.0036879198,0.45127088,0.6596984,0.005605452,0.4508091,0.6313358,-0.004191264,0.4628202,0.61770856,0.0008959747,0.45982972,0.611582,-0.0012053851,0.45488226,0.603302,0.010988367,0.47401893,0.5715682,-0.009306995,0.47249573,0.5461646,0.001787636,0.49288508,0.5177752,-0.006128595,0.51327366,0.48223355,-0.009868169,0.57438576,0.41965044,0.00472528,0.60128653,0.386348,0.007418335,0.6422103,0.34639606,-0.010035967,0.7278877,0.29346418,-0.007156085,0.82792336,0.25611877,-0.0088847475,0.9530683,0.22681898
0.020744829565783343,0.11408360578715801,0.99475,0.9741,4.002435207366943,-0.019963358,0.6610087,2.6816106,-0.04749439,0.6172282,2.8549106,0.016522044,0.5949119,2.8603818,0.0006393231,0.5558565,2.7233202,0.0006840304,0.54111695,2.576986,-0.009181884,0.5476628,2.2928803,0.0013319899,0.54765683,2.1249034,-0.008255985,0.54151297,1.9305576,-0.018913513,0.5191212,1.780435,0.0069638523,0.49256027,1.6621666,-0.022085741,0.49700877,1.5425954,0.023305694,0.51684016,1.4084742,0.0050384393,0.50156367,1.3547397,-0.008802692,0.50438637,1.2846904,-0.011045877,0.4864601,1.2106583,-0.009401013,0.4767602,1.152458,-0.012891269,0.47381082,1.0934271,-0.00029980068,0.4686733,1.0071872,0.006860822,0.46371794,0.9832349,-0.009256979,0.46414316,0.93762344,0.013606796,0.47817075,0.8938418,-0.0034662443,0.44529808,0.8644948,0.003212459,0.46364245,0.8236246,0.00042190208,0.45840532,0.80206,0.0013542366,0.46363142,0.7781061,0.0047307545,0.48166007,0.72703826,-0.0055266535,0.48223704,0.6988449,-0.002041248,0.4821308,0.6853279,-0.0029181915,0.47760224,0.6835779,0.012339764,0.45368692,0.67756176,-0.0020887866,0.4447269,0.671346,-0.017342046,0.45828673,0.62897044,0.0012240594,0.45583418,0.6256027,-0.0049397466,0.44670925,0.6337044,0.014663884,0.45720783,0.62543786,0.0037913902,0.45126835,0.6112737,0.0055131894,0.45156983,0.5849284,-0.0038779941,0.46367586,0.5721467,0.0017490298,0.4603442,0.56632406,-0.0010503839,0.45526686,0.560399,0.010558098,0.47491723,0.5306897,-0.010019998,0.47262308,0.5091602,0.0022757112,0.49249825,0.48404118,-0.0061553773,0.5129742,0.4522299,-0.009068877,0.57373184,0.39224347,0.004086504,0.6011888,0.36065212,0.00819259,0.64200383,0.32629934,-0.010221845,0.7283294,0.27638406,-0.008479012,0.8289721,0.24205485,-0.008391065,0.95421594,0.21582964
0.018267732864121596,0.1518851001687348,0.9953833333333333,0.9669,4.084418773651123,-0.019446835,0.6600386,2.6313305,-0.048171554,0.6162024,2.7707164,0.0148206595,0.5947846,2.7440329,0.0026756816,0.5581149,2.6000986,0.00091027754,0.5439647,2.4530632,-0.010708445,0.5511974,2.1797202,0.00095375325,0.55020314,2.0373554,-0.0074625732,0.5446495,1.8683307,-0.019916495,0.52122414,1.7277849,0.007717497,0.49498937,1.6015341,-0.023159258,0.49961576,1.4958519,0.024417976,0.5197176,1.3632855,0.004868034,0.50412244,1.3101174,-0.008365681,0.50622207,1.2415068,-0.012828473,0.48780373,1.1652174,-0.0107862605,0.4780109,1.1084684,-0.015343534,0.4748261,1.0555582,-0.001000253,0.46946415,0.9666615,0.0060315477,0.4645895,0.9396526,-0.008990947,0.46505135,0.89960253,0.013421738,0.4789308,0.8608137,-0.0037965244,0.4460749,0.83126944,0.004196752,0.46414018,0.7936866,-0.00026781377,0.4587323,0.77516687,0.0018654966,0.4640094,0.7529251,0.006151895,0.48177695,0.70591587,-0.005701512,0.4826811,0.6793048,-0.0012589253,0.48357487,0.66277325,-0.0016971224,0.478237,0.66240656,0.011693882,0.45387837,0.65463305,-0.0023397827,0.4449965,0.65031976,-0.016901778,0.45866424,0.60717064,0.00018638358,0.45579848,0.6051778,-0.0056499103,0.446992,0.609993,0.013984414,0.4583337,0.60253483,0.0029366254,0.45190296,0.5876465,0.006566798,0.45140937,0.55928636,-0.0037833417,0.46342996,0.54660517,0.0016091396,0.46070662,0.541722,-0.0012642788,0.4558288,0.5332651,0.011050398,0.4747106,0.5030816,-0.0100888,0.47280115,0.48186,0.0013238953,0.49225968,0.4567429,-0.0073101195,0.5130751,0.42594007,-0.008706853,0.5754607,0.37056193,0.0052875243,0.60232353,0.34124097,0.008279509,0.6431872,0.3075394,-0.0108613195,0.72995913,0.26003975,-0.0072492906,0.83091813,0.22694165,-0.010162777,0.9573033,0.20199598
